ANO_PUBLIC_ID,POP_PERSPECTIVE_FK,ANO_COMPONENT_NAME
EMAPA:28831,Renal,"adventitia of fundus"
EMAPA:30144,Renal,"adventitia of neck"
EMAPA:28836,Renal,"adventitia of trigone"
EMAPA:28114,Renal,"adventitia of ureter"
EMAPA:28266,Renal,"afferent arteriole of mature renal corpuscle"
EMAPA:28230,Renal,"afferent arteriole of maturing renal corpuscle"
EMAPA:28547,Renal,allantois
EMAPA:27786,Renal,"anlage of loop of Henle"
EMAPA:31281,Renal,"anlage of loop of Henle of cortical renal tubule"
EMAPA:27566,Renal,"anterior gonadal mesenchyme"
EMAPA:28215,Renal,"arcuate artery"
EMAPA:28221,Renal,"arcuate vein"
EMAPA:27925,Renal,"associated interstitium of capillary loop renal corpuscle"
EMAPA:32274,Renal,"basal cell layer of bladder"
EMAPA:32267,Renal,"basal cell layer of dorsal pelvic urethra of female"
EMAPA:32260,Renal,"basal cell layer of dorsal pelvic urethra of male"
EMAPA:32271,Renal,"basal cell layer of prostatic urethra"
EMAPA:28806,Renal,"basal cell layer of ureter"
EMAPA:32292,Renal,"basal cell layer of ventral pelvic urethra of female"
EMAPA:32261,Renal,"basal cell layer of ventral pelvic urethra of male"
EMAPA:31021,Renal,"bend of immature loop of Henle"
EMAPA:28358,Renal,"bend of loop of Henle inner medullary portion"
EMAPA:18321,Renal,bladder
EMAPA:35173,Renal,"bladder fundus region"
EMAPA:35897,Renal,"bladder mucosa"
EMAPA:35174,Renal,"bladder trigone region"
EMAPA:35175,Renal,"bladder wall"
EMAPA:28257,Renal,"Bowman's capsule of mature renal corpuscle"
EMAPA:27973,Renal,"Bowman's capsule of maturing renal corpuscle"
EMAPA:29639,Renal,"bulbar part of urethra of male"
EMAPA:27621,Renal,"cap mesenchyme"
EMAPA:17645,Renal,"cap mesenchyme"
EMAPA:27735,Renal,"cap mesenchyme"
EMAPA:27907,Renal,"capillary loop renal corpuscle"
EMAPA:27770,Renal,"capillary loop renal corpuscle"
EMAPA:27776,Renal,"capillary loop renal corpuscle associated interstitium"
EMAPA:35199,Renal,"capillary loop renal corpuscle presumptive endothelium"
EMAPA:30571,Renal,"caudal mesonephric tubule"
EMAPA:27619,Renal,"caudal paramesonephric mesenchyme"
EMAPA:30895,Renal,"caudal urethra"
EMAPA:27568,Renal,"central gonadal mesenchyme"
EMAPA:27638,Renal,cloaca
EMAPA:27573,Renal,cloaca
EMAPA:27581,Renal,"cloaca mesenchyme"
EMAPA:27642,Renal,"cloaca mesenchyme"
EMAPA:27577,Renal,"cloacal epithelium"
EMAPA:27640,Renal,"cloacal epithelium"
EMAPA:27564,Renal,"coelomic epithelium of gonad primordium"
EMAPA:28407,Renal,"collecting duct"
EMAPA:27835,Renal,"comma-shaped body"
EMAPA:27681,Renal,"comma-shaped body"
EMAPA:28130,Renal,"cortical collecting duct"
EMAPA:18976,Renal,"cortical renal tubule"
EMAPA:31571,Renal,"cortical renal tubule of capillary loop nephron group"
EMAPA:31566,Renal,"cortical renal tubule of mature nephron group"
EMAPA:31570,Renal,"cortical renal tubule of maturing nephron group"
EMAPA:30562,Renal,"cranial mesonephric tubule"
EMAPA:28637,Renal,"detrusor muscle of bladder"
EMAPA:28643,Renal,"detrusor muscle of fundus"
EMAPA:30123,Renal,"detrusor muscle of neck"
EMAPA:28649,Renal,"detrusor muscle of trigone"
EMAPA:28035,Renal,"developing arterial vasculature of cortex"
EMAPA:28071,Renal,"developing arterial vasculature of medulla"
EMAPA:28506,Renal,"developing capillary loop stage nephron group"
EMAPA:28039,Renal,"developing capillary of cortex"
EMAPA:28075,Renal,"developing capillary of medulla"
EMAPA:28029,Renal,"developing vasculature of cortex"
EMAPA:31578,Renal,"developing vasculature of genitourinary system"
EMAPA:28069,Renal,"developing vasculature of medulla"
EMAPA:27794,Renal,"developing vasculature of metanephros"
EMAPA:31539,Renal,"developing vasculature of primitive bladder"
EMAPA:31579,Renal,"developing vasculature of urinary system"
EMAPA:31563,Renal,"developing vasculature of urinary system group"
EMAPA:31532,Renal,"developing vasculature of urogenital sinus"
EMAPA:28037,Renal,"developing venous vasculature of cortex"
EMAPA:28073,Renal,"developing venous vasculature of medulla"
EMAPA:28393,Renal,"distal convoluted tubule"
EMAPA:29641,Renal,"distal region of urethra of male"
EMAPA:31582,Renal,"distal renal vesicle"
EMAPA:31548,Renal,"distal renal vesicle"
EMAPA:27871,Renal,"distal segment of s-shaped body"
EMAPA:27760,Renal,"distal segment of s-shaped body"
EMAPA:29671,Renal,"distal straight tubule of outer stripe of outer medulla"
EMAPA:28396,Renal,"distal straight tubule of renal cortex"
EMAPA:31572,Renal,"dorsal mesenchyme of pelvic urethra"
EMAPA:28007,Renal,"early distal tubule"
EMAPA:27788,Renal,"early distal tubule"
EMAPA:28390,Renal,"early distal tubule"
EMAPA:31521,Renal,"early distal tubule of capillary loop nephron"
EMAPA:31511,Renal,"early distal tubule of capillary loop nephron"
EMAPA:31513,Renal,"early distal tubule of maturing nephron"
EMAPA:31514,Renal,"early distal tubule of maturing nephron"
EMAPA:17954,Renal,"early nephron group"
EMAPA:27784,Renal,"early proximal tubule"
EMAPA:28003,Renal,"early proximal tubule"
EMAPA:28284,Renal,"early proximal tubule"
EMAPA:31543,Renal,"early proximal tubule of capillary loop nephron"
EMAPA:31544,Renal,"early proximal tubule of capillary loop nephron"
EMAPA:31542,Renal,"early proximal tubule of maturing nephron"
EMAPA:31512,Renal,"early proximal tubule of maturing nephron"
EMAPA:28500,Renal,"early tubule"
EMAPA:28233,Renal,"efferent arteriole"
EMAPA:28275,Renal,"efferent arteriole"
EMAPA:29995,Renal,"endothelium of renal artery"
EMAPA:30011,Renal,"endothelium of renal vein"
EMAPA:30905,Renal,"epithelial layer of pelvic urethra"
EMAPA:30873,Renal,"epithelial layer of primitive bladder"
EMAPA:30882,Renal,"epithelial layer of rest of urogenital sinus"
EMAPA:27708,Renal,"epithelial layer of ureter"
EMAPA:35317,Renal,"epithelium of capillary loop renal corpuscle"
EMAPA:31520,Renal,"epithelium of urogenital sinus"
EMAPA:31509,Renal,"epithelium of urogenital sinus"
EMAPA:28278,Renal,"extraglomerular mesangium"
EMAPA:29653,Renal,"female urethral gland"
EMAPA:30074,Renal,"genital swelling"
EMAPA:16367,Renal,"genitourinary system"
EMAPA:35954,Renal,"genitourinary system epithelium"
EMAPA:16576,Renal,"genitourinary system mesenchyme"
EMAPA:28251,Renal,"glomerular basement membrane"
EMAPA:30965,Renal,"glomerular basement membrane"
EMAPA:28245,Renal,"glomerular capillary system"
EMAPA:27955,Renal,"glomerular capillary system of maturing glomerular tuft"
EMAPA:28248,Renal,"glomerular mesangium of glomerular tuft"
EMAPA:27961,Renal,"glomerular mesangium of maturing glomerular tuft"
EMAPA:30031,Renal,"glomerular mesangium of maturing renal corpuscle"
EMAPA:28239,Renal,"glomerular tuft"
EMAPA:16857,Renal,"gonad primordium"
EMAPA:16858,Renal,"gonad primordium mesenchyme"
EMAPA:28049,Renal,"immature loop of Henle"
EMAPA:35426,Renal,"immature loop of Henle ascending limb"
EMAPA:35427,Renal,"immature loop of Henle descending limb"
EMAPA:28370,Renal,"inner medullary collecting duct"
EMAPA:31399,Renal,"inner medullary fibroblast"
EMAPA:28364,Renal,"inner medullary interstitium"
EMAPA:28349,Renal,"inner renal medulla"
EMAPA:29675,Renal,"inner stripe of outer medulla"
EMAPA:28212,Renal,"interlobular artery"
EMAPA:28218,Renal,"interlobular vein"
EMAPA:32306,Renal,"intermediate cell layer of dorsal pelvic urethra of female"
EMAPA:32307,Renal,"intermediate cell layer of dorsal pelvic urethra of male"
EMAPA:32299,Renal,"intermediate cell layer of prostatic urethra"
EMAPA:28801,Renal,"intermediate cell layer of ureter"
EMAPA:32305,Renal,"intermediate cell layer of ventral pelvic urethra of female"
EMAPA:32314,Renal,"intermediate cell layer of ventral pelvic urethra of male"
EMAPA:27991,Renal,"juxtaglomerular arteriole"
EMAPA:30449,Renal,"juxtaglomerular complex"
EMAPA:18676,Renal,"kidney calyx"
EMAPA:35459,Renal,"kidney medulla collecting duct"
EMAPA:35461,Renal,"kidney outer medulla peritubular capillary"
EMAPA:17948,Renal,"kidney pelvis"
EMAPA:30088,Renal,"lamina propria of bladder"
EMAPA:32296,Renal,"lamina propria of dorsal pelvic urethra of female"
EMAPA:32311,Renal,"lamina propria of dorsal pelvic urethra of male"
EMAPA:30102,Renal,"lamina propria of fundus"
EMAPA:30116,Renal,"lamina propria of neck"
EMAPA:32303,Renal,"lamina propria of prostatic urethra"
EMAPA:30109,Renal,"lamina propria of trigone"
EMAPA:28841,Renal,"lamina propria of ureter"
EMAPA:32310,Renal,"lamina propria of ventral pelvic urethra of female"
EMAPA:32294,Renal,"lamina propria of ventral pelvic urethra of male"
EMAPA:28527,Renal,"late tubule"
EMAPA:35510,Renal,"loop of Henle ascending limb"
EMAPA:35511,Renal,"loop of Henle descending limb"
EMAPA:35512,Renal,"loop of Henle distal straight tubule"
EMAPA:19280,Renal,"loop of Henle group"
EMAPA:29679,Renal,"loop of Henle of inner stripe of outer medulla"
EMAPA:29665,Renal,"loop of Henle of outer stripe of outer medulla"
EMAPA:35460,Renal,"loop of Henle of renal medulla"
EMAPA:35513,Renal,"loop of Henle thick limb"
EMAPA:35514,Renal,"loop of Henle thin descending limb"
EMAPA:35515,Renal,"loop of Henle thin limb"
EMAPA:28352,Renal,"loop of Henle, inner medullary portion"
EMAPA:28322,Renal,"loop of Henle, outer medullary portion"
EMAPA:27847,Renal,"lower limb of comma-shaped body"
EMAPA:27687,Renal,"lower limb of comma-shaped body"
EMAPA:28399,Renal,"macula densa"
EMAPA:18677,Renal,"major calyx"
EMAPA:29645,Renal,"male urethral gland"
EMAPA:28491,Renal,"mature nephron"
EMAPA:28236,Renal,"mature renal corpuscle"
EMAPA:27949,Renal,"maturing glomerular tuft"
EMAPA:28485,Renal,"maturing nephron"
EMAPA:27943,Renal,"maturing renal corpuscle"
EMAPA:27762,Renal,"medial segment of s-shaped body"
EMAPA:27877,Renal,"medial segment of s-shaped body"
EMAPA:29637,Renal,"median umbilical ligament"
EMAPA:28061,Renal,"medullary collecting duct"
EMAPA:31414,Renal,"medullary renal tubule"
EMAPA:35557,Renal,"medullary tubule"
EMAPA:31575,Renal,"mesenchymal layer of dorsal pelvic urethra"
EMAPA:31554,Renal,"mesenchymal layer of dorsal pelvic urethra of female"
EMAPA:31552,Renal,"mesenchymal layer of dorsal pelvic urethra of male"
EMAPA:31529,Renal,"mesenchymal layer of dorsal primitive bladder"
EMAPA:30907,Renal,"mesenchymal layer of pelvic urethra"
EMAPA:28765,Renal,"mesenchymal layer of pelvic urethra of female"
EMAPA:28703,Renal,"mesenchymal layer of pelvic urethra of male"
EMAPA:30948,Renal,"mesenchymal layer of penile urethra"
EMAPA:30934,Renal,"mesenchymal layer of phallic urethra of female"
EMAPA:28856,Renal,"mesenchymal layer of phallic urethra of male"
EMAPA:30876,Renal,"mesenchymal layer of primitive bladder"
EMAPA:30954,Renal,"mesenchymal layer of prostatic urethra"
EMAPA:30885,Renal,"mesenchymal layer of rest of urogenital sinus"
EMAPA:31574,Renal,"mesenchymal layer of ventral pelvic urethra"
EMAPA:31553,Renal,"mesenchymal layer of ventral pelvic urethra of female"
EMAPA:31550,Renal,"mesenchymal layer of ventral pelvic urethra of male"
EMAPA:31525,Renal,"mesenchymal layer of ventral primitive bladder"
EMAPA:32287,Renal,"mesenchymal pad of pelvic urethra of female"
EMAPA:32280,Renal,"mesenchymal pad of pelvic urethra of male"
EMAPA:31573,Renal,"mesenchyme of pelvic urethra"
EMAPA:31500,Renal,"mesenchyme of urogenital sinus"
EMAPA:31519,Renal,"mesenchyme of urogenital sinus"
EMAPA:30568,Renal,"mesonephric glomerulus"
EMAPA:27585,Renal,"mesonephric mesenchyme"
EMAPA:16747,Renal,"mesonephric tubule"
EMAPA:27588,Renal,"mesonephric tubule"
EMAPA:16744,Renal,mesonephros
EMAPA:16745,Renal,"mesonephros mesenchyme"
EMAPA:16746,Renal,"mesonephros non-tubular part"
EMAPA:35564,Renal,"mesonephros non-tubular part"
EMAPA:17208,Renal,"metanephric mesenchyme"
EMAPA:17375,Renal,"metanephric mesenchyme"
EMAPA:29990,Renal,"metanephric mesenchyme"
EMAPA:17207,Renal,metanephros
EMAPA:17373,Renal,metanephros
EMAPA:35457,Renal,"metanephros epithelium"
EMAPA:35458,Renal,"metanephros glomerular epithelium"
EMAPA:35969,Renal,"metanephros parietal epithelium"
EMAPA:35970,Renal,"metanephros visceral epithelium"
EMAPA:18678,Renal,"minor calyx"
EMAPA:25765,Renal,mouse
EMAPA:31577,Renal,"muscle layer of dorsal pelvic urethra"
EMAPA:31560,Renal,"muscle layer of dorsal pelvic urethra of female"
EMAPA:31556,Renal,"muscle layer of dorsal pelvic urethra of male"
EMAPA:30909,Renal,"muscle layer of pelvic urethra"
EMAPA:28771,Renal,"muscle layer of pelvic urethra of female"
EMAPA:28709,Renal,"muscle layer of pelvic urethra of male"
EMAPA:30950,Renal,"muscle layer of penile urethra"
EMAPA:30938,Renal,"muscle layer of phallic urethra of female"
EMAPA:28859,Renal,"muscle layer of phallic urethra of male"
EMAPA:30956,Renal,"muscle layer of prostatic urethra"
EMAPA:31576,Renal,"muscle layer of ventral pelvic urethra"
EMAPA:31559,Renal,"muscle layer of ventral pelvic urethra of female"
EMAPA:31555,Renal,"muscle layer of ventral pelvic urethra of male"
EMAPA:28619,Renal,"muscularis mucosa of bladder"
EMAPA:32295,Renal,"muscularis mucosa of dorsal pelvic urethra of female"
EMAPA:32312,Renal,"muscularis mucosa of dorsal pelvic urethra of male"
EMAPA:28625,Renal,"muscularis mucosa of fundus"
EMAPA:30137,Renal,"muscularis mucosa of neck"
EMAPA:32302,Renal,"muscularis mucosa of prostatic urethra"
EMAPA:28631,Renal,"muscularis mucosa of trigone"
EMAPA:32309,Renal,"muscularis mucosa of ventral pelvic urethra of female"
EMAPA:32297,Renal,"muscularis mucosa of ventral pelvic urethra of male"
EMAPA:16368,Renal,"nephric cord"
EMAPA:16577,Renal,"nephric duct"
EMAPA:28425,Renal,"nephric duct"
EMAPA:28429,Renal,"nephric duct"
EMAPA:27591,Renal,"nephric duct, mesonephric portion"
EMAPA:27663,Renal,"nephric duct, mesonephric portion"
EMAPA:17377,Renal,"nephric duct, metanephric portion"
EMAPA:27599,Renal,"nephric duct, metanephric portion"
EMAPA:27602,Renal,"nephric duct, pronephric portion"
EMAPA:27671,Renal,"nephrogenic interstitium"
EMAPA:31270,Renal,"nephrogenic interstitium"
EMAPA:17953,Renal,"nephrogenic interstitium"
EMAPA:27721,Renal,"nephrogenic zone"
EMAPA:31562,Renal,"nephrogenic zone group"
EMAPA:35592,Renal,nephron
EMAPA:31526,Renal,"nerve of bladder"
EMAPA:31557,Renal,"nerve of caudal urethra"
EMAPA:31523,Renal,"nerve of pelvic urethra"
EMAPA:31558,Renal,"nerve of pelvic urethra"
EMAPA:31567,Renal,"nerve of pelvic urethra of female"
EMAPA:31565,Renal,"nerve of pelvic urethra of male"
EMAPA:35058,Renal,"nerve of penile urethra"
EMAPA:31524,Renal,"nerve of phallic urethra"
EMAPA:31551,Renal,"nerve of phallic urethra of female"
EMAPA:31568,Renal,"nerve of phallic urethra of male"
EMAPA:35042,Renal,"nerve of primitive bladder"
EMAPA:32279,Renal,"nerve of prostatic urethra"
EMAPA:35059,Renal,"nerve of ureter"
EMAPA:35948,Renal,"nerve of urinary system"
EMAPA:31528,Renal,"nerve of urogenital sinus"
EMAPA:31569,Renal,"nerves of urethra"
EMAPA:31533,Renal,"nerves of urogenital sinus"
EMAPA:32288,Renal,"neural crest derivative of pelvic urethra of female"
EMAPA:32286,Renal,"neural crest derivative of pelvic urethra of male"
EMAPA:16103,Renal,"organ system"
EMAPA:28346,Renal,"outer medullary collecting duct"
EMAPA:31384,Renal,"outer medullary fibroblast"
EMAPA:28337,Renal,"outer medullary interstitium"
EMAPA:28310,Renal,"outer renal medulla"
EMAPA:29663,Renal,"outer stripe of outer medulla"
EMAPA:35655,Renal,"papillary duct"
EMAPA:27615,Renal,"parametanephric mesenchyme"
EMAPA:27919,Renal,"parietal epithelium of capillary loop renal corpuscle"
EMAPA:27774,Renal,"parietal epithelium of capillary loop renal corpuscle"
EMAPA:28260,Renal,"parietal epithelium of mature renal corpuscle"
EMAPA:27979,Renal,"parietal epithelium of maturing renal corpuscle"
EMAPA:27768,Renal,"parietal epithelium of s-shaped body"
EMAPA:27901,Renal,"parietal epithelium of s-shaped body"
EMAPA:28269,Renal,"part of afferent arteriole forming the juxtaglomerular complex"
EMAPA:31527,Renal,"pelvic ganglion"
EMAPA:31522,Renal,"pelvic ganglion"
EMAPA:28120,Renal,"pelvic smooth muscle"
EMAPA:30903,Renal,"pelvic urethra"
EMAPA:30893,Renal,"pelvic urethra"
EMAPA:28753,Renal,"pelvic urethra of female"
EMAPA:18995,Renal,"pelvic urethra of male"
EMAPA:28077,Renal,"pelvic urothelial lining"
EMAPA:30944,Renal,"penile urethra"
EMAPA:31426,Renal,"periarterial fibroblasts of cortex"
EMAPA:31434,Renal,"periarterial fibroblasts of inner medulla"
EMAPA:31430,Renal,"periarterial fibroblasts of outer medulla"
EMAPA:31361,Renal,"perihilar fibroblast"
EMAPA:28083,Renal,"perihilar interstitium"
EMAPA:27623,Renal,"peripheral blastema"
EMAPA:31424,Renal,"peritubular fibroblasts of cortex"
EMAPA:31432,Renal,"peritubular fibroblasts of inner medulla"
EMAPA:31428,Renal,"peritubular fibroblasts of outer medulla"
EMAPA:30911,Renal,"phallic urethra"
EMAPA:30917,Renal,"phallic urethra of female"
EMAPA:17956,Renal,"phallic urethra of male"
EMAPA:27570,Renal,"posterior gonadal mesenchyme"
EMAPA:28402,Renal,"postmacula segment of distal straight tubule"
EMAPA:29683,Renal,"premacula segment of distal straight tubule of inner stripe of inner medulla"
EMAPA:28331,Renal,"premacula segment of distal straight tubule of outer medulla"
EMAPA:31379,Renal,"premacula segment of distal straight tubule of renal cortex"
EMAPA:27937,Renal,"presumptive endothelium of capillary loop renal corpuscle"
EMAPA:27780,Renal,"presumptive endothelium of renal corpuscle"
EMAPA:27778,Renal,"presumptive mesangium"
EMAPA:27931,Renal,"presumptive mesangium of capillary loop renal corpuscle"
EMAPA:16369,Renal,"presumptive nephric duct"
EMAPA:27673,Renal,"pretubular aggregate"
EMAPA:27742,Renal,"pretubular aggregate"
EMAPA:30870,Renal,"primitive bladder"
EMAPA:17646,Renal,"primitive collecting duct"
EMAPA:28477,Renal,"primitive collecting duct group"
EMAPA:16859,Renal,"primordial germ cell"
EMAPA:16578,Renal,"primordial germ cell"
EMAPA:16579,Renal,pronephros
EMAPA:30942,Renal,"prostatic urethra"
EMAPA:31547,Renal,"proximal renal vesicle"
EMAPA:31549,Renal,"proximal renal vesicle"
EMAPA:27883,Renal,"proximal segment of s-shaped body"
EMAPA:27764,Renal,"proximal segment of s-shaped body"
EMAPA:29669,Renal,"proximal straight tubule of outer stripe of outer medulla"
EMAPA:29661,Renal,"proximal straight tubule of renal cortex"
EMAPA:28862,Renal,"proximal straight tubule, outer medullary portion"
EMAPA:31436,Renal,"renal arterial system"
EMAPA:28373,Renal,"renal artery"
EMAPA:17862,Renal,"renal artery"
EMAPA:31443,Renal,"renal capillary"
EMAPA:18679,Renal,"renal capsule"
EMAPA:31545,Renal,"renal connecting segment of comma-shaped body"
EMAPA:31546,Renal,"renal connecting segment of comma-shaped body"
EMAPA:31540,Renal,"renal connecting segment of renal vesicle"
EMAPA:31541,Renal,"renal connecting segment of renal vesicle"
EMAPA:28011,Renal,"renal connecting tubule"
EMAPA:27790,Renal,"renal connecting tubule of capillary loop nephron"
EMAPA:31515,Renal,"renal connecting tubule of capillary loop nephron"
EMAPA:31517,Renal,"renal connecting tubule of mature nephron"
EMAPA:31516,Renal,"renal connecting tubule of maturing nephron"
EMAPA:27865,Renal,"renal connecting tubule of s-shaped body"
EMAPA:27758,Renal,"renal connecting tubule of s-shaped body"
EMAPA:35725,Renal,"renal convoluted tubule"
EMAPA:35726,Renal,"renal corpuscle"
EMAPA:17952,Renal,"renal cortex"
EMAPA:28147,Renal,"renal cortical arterial system"
EMAPA:30037,Renal,"renal cortical capillary"
EMAPA:31288,Renal,"renal cortical fibroblasts"
EMAPA:28136,Renal,"renal cortical interstitium"
EMAPA:31312,Renal,"renal cortical lymphatics"
EMAPA:31319,Renal,"renal cortical nerves"
EMAPA:28142,Renal,"renal cortical vasculature"
EMAPA:28152,Renal,"renal cortical venous system"
EMAPA:28387,Renal,"renal distal tubule"
EMAPA:31279,Renal,"renal fibroblasts"
EMAPA:27690,Renal,"renal interstitium"
EMAPA:28518,Renal,"renal interstitium group"
EMAPA:31464,Renal,"renal large blood vessel"
EMAPA:19279,Renal,"renal medulla"
EMAPA:28162,Renal,"renal medullary arterial system"
EMAPA:30043,Renal,"renal medullary capillary"
EMAPA:31326,Renal,"renal medullary fibroblasts"
EMAPA:18326,Renal,"renal medullary interstitium"
EMAPA:31347,Renal,"renal medullary lymphatics"
EMAPA:31354,Renal,"renal medullary nerves"
EMAPA:28157,Renal,"renal medullary vasculature"
EMAPA:28167,Renal,"renal medullary venous system"
EMAPA:29691,Renal,"renal nerve"
EMAPA:35727,Renal,"renal papilla"
EMAPA:28287,Renal,"renal proximal convoluted tubule"
EMAPA:28281,Renal,"renal proximal tubule"
EMAPA:31469,Renal,"renal small blood vessel"
EMAPA:27782,Renal,"renal tubule"
EMAPA:28457,Renal,"renal vasculature"
EMAPA:28376,Renal,"renal vein"
EMAPA:19223,Renal,"renal vein"
EMAPA:31450,Renal,"renal venous system"
EMAPA:27829,Renal,"renal vesicle"
EMAPA:27678,Renal,"renal vesicle"
EMAPA:31404,Renal,"resident macrophage of the inner medulla"
EMAPA:31389,Renal,"resident macrophage of the outer medulla"
EMAPA:31367,Renal,"resident macrophage of the perihilar interstitium"
EMAPA:31273,Renal,"resident macrophages"
EMAPA:31296,Renal,"resident macrophages of the cortex"
EMAPA:31333,Renal,"resident macrophages of the medulla"
EMAPA:28272,Renal,"rest of afferent arteriole"
EMAPA:30565,Renal,"rest of cranial mesonephric tubule"
EMAPA:31409,Renal,"rest of inner medullary interstitium"
EMAPA:31418,Renal,"rest of medullary renal tubule"
EMAPA:29609,Renal,"rest of mesentery"
EMAPA:31394,Renal,"rest of outer medullary interstitium"
EMAPA:31373,Renal,"rest of perihilar interstitium"
EMAPA:31304,Renal,"rest of renal cortical interstitium"
EMAPA:31276,Renal,"rest of renal interstitium"
EMAPA:31340,Renal,"rest of renal medullary interstitium"
EMAPA:30879,Renal,"rest of urogenital sinus"
EMAPA:27617,Renal,"rostral parametanephric mesenchyme"
EMAPA:27756,Renal,"s-shaped body"
EMAPA:27853,Renal,"s-shaped body"
EMAPA:29657,Renal,"segment 1 of proximal tubule"
EMAPA:29659,Renal,"segment 2 of proximal tubule"
EMAPA:28661,Renal,"serosa of bladder"
EMAPA:28667,Renal,"serosa of fundus"
EMAPA:30130,Renal,"serosa of neck"
EMAPA:28673,Renal,"serosa of trigone"
EMAPA:32278,Renal,"smooth muscle layer of prostatic urethra"
EMAPA:30003,Renal,"smooth muscle layer of renal artery"
EMAPA:30019,Renal,"smooth muscle layer of renal vein"
EMAPA:28445,Renal,"stage IV immature nephron"
EMAPA:31017,Renal,"straight limb of immature loop of Henle"
EMAPA:32269,Renal,"striated muscle layer of prostatic urethra"
EMAPA:32275,Renal,"submucosa of bladder"
EMAPA:32313,Renal,"submucosa of dorsal pelvic urethra of female"
EMAPA:32293,Renal,"submucosa of dorsal pelvic urethra of male"
EMAPA:32277,Renal,"submucosa of fundus"
EMAPA:32276,Renal,"submucosa of neck"
EMAPA:32301,Renal,"submucosa of prostatic urethra"
EMAPA:32304,Renal,"submucosa of trigone"
EMAPA:32308,Renal,"submucosa of ventral pelvic urethra of female"
EMAPA:32298,Renal,"submucosa of ventral pelvic urethra of male"
EMAPA:32273,Renal,"superficial cell layer of bladder"
EMAPA:32266,Renal,"superficial cell layer of dorsal pelvic urethra of female"
EMAPA:32263,Renal,"superficial cell layer of dorsal pelvic urethra of male"
EMAPA:32268,Renal,"superficial cell layer of prostatic urethra"
EMAPA:28588,Renal,"superficial cell layer of ureter"
EMAPA:32291,Renal,"superficial cell layer of ventral pelvic urethra of female"
EMAPA:32284,Renal,"superficial cell layer of ventral pelvic urethra of male"
EMAPA:28361,Renal,"thin ascending limb of inner medulla"
EMAPA:35861,Renal,"thin ascending limb of medulla"
EMAPA:28328,Renal,"thin ascending limb of outer medulla"
EMAPA:28355,Renal,"thin descending limb of inner medulla"
EMAPA:29681,Renal,"thin descending limb of inner stripe of outer medulla"
EMAPA:28325,Renal,"thin descending limb of outer medulla"
EMAPA:27684,Renal,"upper limb of comma-shaped body"
EMAPA:27841,Renal,"upper limb of comma-shaped body"
EMAPA:18323,Renal,urachus
EMAPA:17950,Renal,ureter
EMAPA:35895,Renal,"ureter interstitium"
EMAPA:27711,Renal,"ureteral mesenchyme"
EMAPA:28567,Renal,"ureteral mesenchyme middle layer"
EMAPA:28570,Renal,"ureteral mesenchyme outer layer"
EMAPA:28561,Renal,"ureteral mesenchyme subepithelial layer"
EMAPA:29993,Renal,"ureteral mesenchyme, rest of"
EMAPA:28844,Renal,"ureteral smooth muscle layer"
EMAPA:28811,Renal,"ureteral smooth muscle layer"
EMAPA:29633,Renal,"ureteral smooth muscle layer inner longitudinal muscle"
EMAPA:28850,Renal,"ureteral smooth muscle layer interstitium"
EMAPA:30150,Renal,"ureteral smooth muscle layer interstitium"
EMAPA:29635,Renal,"ureteral smooth muscle layer outer circular muscle"
EMAPA:28847,Renal,"ureteral smooth muscle layer smooth muscle component"
EMAPA:28814,Renal,"ureteral smooth muscle layer smooth muscle component"
EMAPA:30850,Renal,"ureteral vasculature"
EMAPA:17376,Renal,"ureteric bud"
EMAPA:17209,Renal,"ureteric bud"
EMAPA:27627,Renal,"ureteric stalk"
EMAPA:27608,Renal,"ureteric stalk"
EMAPA:27605,Renal,"ureteric tip"
EMAPA:27749,Renal,"ureteric tip"
EMAPA:27625,Renal,"ureteric tip"
EMAPA:27694,Renal,"ureteric tip"
EMAPA:31045,Renal,"ureteric tree terminal branch excluding tip itself"
EMAPA:28494,Renal,"ureteric trunk"
EMAPA:27697,Renal,"ureteric trunk"
EMAPA:28405,Renal,"ureteric trunk"
EMAPA:30891,Renal,urethra
EMAPA:30901,Renal,urethra
EMAPA:28747,Renal,"urethra of female"
EMAPA:18692,Renal,"urethra of male"
EMAPA:35896,Renal,"urethra urothelium"
EMAPA:30888,Renal,"urethral fold"
EMAPA:30899,Renal,"urethral fold"
EMAPA:30927,Renal,"urethral fold of female"
EMAPA:18693,Renal,"urethral fold of male"
EMAPA:30915,Renal,"urethral fold of phallic urethra"
EMAPA:30897,Renal,"urethral plate"
EMAPA:28555,Renal,"urethral plate"
EMAPA:30924,Renal,"urethral plate of female"
EMAPA:18998,Renal,"urethral plate of male"
EMAPA:30913,Renal,"urethral plate of phallic urethra"
EMAPA:28263,Renal,"urinary space of mature renal corpuscle"
EMAPA:27985,Renal,"urinary space of maturing renal corpuscle"
EMAPA:17366,Renal,"urinary system"
EMAPA:35953,Renal,"urinary system epithelium"
EMAPA:35898,Renal,"urinary system mesenchyme"
EMAPA:17367,Renal,"urinary system mesentery"
EMAPA:17378,Renal,"urogenital membrane"
EMAPA:17210,Renal,"urogenital membrane"
EMAPA:17368,Renal,"urogenital mesentery"
EMAPA:35899,Renal,"urogenital ridge"
EMAPA:17379,Renal,"urogenital sinus"
EMAPA:17211,Renal,"urogenital sinus"
EMAPA:17212,Renal,"urorectal septum"
EMAPA:17380,Renal,"urorectal septum"
EMAPA:28601,Renal,"urothelium of bladder"
EMAPA:32264,Renal,"urothelium of dorsal pelvic urethra of female"
EMAPA:32300,Renal,"urothelium of dorsal pelvic urethra of male"
EMAPA:28607,Renal,"urothelium of fundus"
EMAPA:30081,Renal,"urothelium of neck"
EMAPA:28759,Renal,"urothelium of pelvic urethra of female"
EMAPA:28697,Renal,"urothelium of pelvic urethra of male"
EMAPA:30946,Renal,"urothelium of penile urethra"
EMAPA:30930,Renal,"urothelium of phallic urethra of female"
EMAPA:28853,Renal,"urothelium of phallic urethra of male"
EMAPA:30952,Renal,"urothelium of prostatic urethra"
EMAPA:28613,Renal,"urothelium of trigone"
EMAPA:28089,Renal,"urothelium of ureter"
EMAPA:32282,Renal,"urothelium of ventral pelvic urethra of female"
EMAPA:32258,Renal,"urothelium of ventral pelvic urethra of male"
EMAPA:28679,Renal,"vasculature of bladder"
EMAPA:32283,Renal,"vasculature of pelvic urethra of female"
EMAPA:32262,Renal,"vasculature of pelvic urethra of male"
EMAPA:32265,Renal,"vasculature of prostatic urethra"
EMAPA:31561,Renal,"ventral mesenchyme of pelvic urethra"
EMAPA:27913,Renal,"visceral epithelium of capillary loop renal corpuscle"
EMAPA:27772,Renal,"visceral epithelium of capillary loop renal corpuscle"
EMAPA:28254,Renal,"visceral epithelium of mature renal corpuscle"
EMAPA:27967,Renal,"visceral epithelium of maturing renal corpuscle"
EMAPA:27895,Renal,"visceral epithelium of s-shaped body"
EMAPA:27766,Renal,"visceral epithelium of s-shaped body"
EMAPA:16245,Renal,"visceral organ system"
