EMAPA:29765,Urogenital,adventitia of caput of epididymis
EMAPA:29753,Urogenital,adventitia of cauda of epididymis
EMAPA:29933,Urogenital,adventitia of cervix uteri
EMAPA:29759,Urogenital,adventitia of corpus of epididymis
EMAPA:29767,Urogenital,adventitia of ductus deferens
EMAPA:30443,Urogenital,adventitia of epididymis
EMAPA:28831,Urogenital,adventitia of fundus
EMAPA:29939,Urogenital,adventitia of lower part of vagina
EMAPA:30144,Urogenital,adventitia of neck
EMAPA:29775,Urogenital,adventitia of seminal vesicle
EMAPA:28836,Urogenital,adventitia of trigone
EMAPA:29945,Urogenital,adventitia of upper part of vagina
EMAPA:28114,Urogenital,adventitia of ureter
EMAPA:29925,Urogenital,adventitia of uterus
EMAPA:31003,Urogenital,adventitia of vagina
EMAPA:28266,Urogenital,afferent arteriole of mature renal corpuscle
EMAPA:28230,Urogenital,afferent arteriole of maturing renal corpuscle
EMAPA:28547,Urogenital,allantois
EMAPA:35123,Urogenital,ampullary gland
EMAPA:27786,Urogenital,anlage of loop of Henle
EMAPA:31281,Urogenital,anlage of loop of Henle of cortical renal tubule
EMAPA:27653,Urogenital,anterior gonadal mesenchyme
EMAPA:27566,Urogenital,anterior gonadal mesenchyme
EMAPA:29794,Urogenital,anterior prostate gland
EMAPA:29796,Urogenital,anterior prostatic epithelium
EMAPA:29802,Urogenital,anterior prostatic interstitium
EMAPA:30789,Urogenital,antrum of mature follicle
EMAPA:30771,Urogenital,antrum of tertiary follicle
EMAPA:29878,Urogenital,apoptotic germinal cell
EMAPA:19086,Urogenital,appendix epididymis
EMAPA:19087,Urogenital,appendix testis
EMAPA:28215,Urogenital,arcuate artery
EMAPA:28221,Urogenital,arcuate vein
EMAPA:27925,Urogenital,associated interstitium of capillary loop renal corpuscle
EMAPA:29874,Urogenital,atretic follicle
EMAPA:32274,Urogenital,basal cell layer of bladder
EMAPA:32267,Urogenital,basal cell layer of dorsal pelvic urethra of female
EMAPA:32260,Urogenital,basal cell layer of dorsal pelvic urethra of male
EMAPA:32271,Urogenital,basal cell layer of prostatic urethra
EMAPA:28806,Urogenital,basal cell layer of ureter
EMAPA:32292,Urogenital,basal cell layer of ventral pelvic urethra of female
EMAPA:32261,Urogenital,basal cell layer of ventral pelvic urethra of male
EMAPA:29735,Urogenital,basal epidermal layer of scrotum
EMAPA:29800,Urogenital,basal epithelium of anterior prostate
EMAPA:29814,Urogenital,basal epithelium of dorsal prostate
EMAPA:29828,Urogenital,basal epithelium of lateral prostate
EMAPA:29842,Urogenital,basal epithelium of ventral prostate
EMAPA:31021,Urogenital,bend of immature loop of Henle
EMAPA:28358,Urogenital,bend of loop of Henle inner medullary portion
EMAPA:18321,Urogenital,bladder
EMAPA:35173,Urogenital,bladder fundus region
EMAPA:35897,Urogenital,bladder mucosa
EMAPA:35174,Urogenital,bladder trigone region
EMAPA:35175,Urogenital,bladder wall
EMAPA:28257,Urogenital,Bowman's capsule of mature renal corpuscle
EMAPA:27973,Urogenital,Bowman's capsule of maturing renal corpuscle
EMAPA:29639,Urogenital,bulbar part of urethra of male
EMAPA:19286,Urogenital,bulbourethral gland
EMAPA:27735,Urogenital,cap mesenchyme
EMAPA:27621,Urogenital,cap mesenchyme
EMAPA:17645,Urogenital,cap mesenchyme
EMAPA:27907,Urogenital,capillary loop renal corpuscle
EMAPA:27770,Urogenital,capillary loop renal corpuscle
EMAPA:27776,Urogenital,capillary loop renal corpuscle associated interstitium
EMAPA:35199,Urogenital,capillary loop renal corpuscle presumptive endothelium
EMAPA:19291,Urogenital,caput epididymis
EMAPA:19292,Urogenital,cauda epididymis
EMAPA:30574,Urogenital,caudal mesonephric tubule
EMAPA:30571,Urogenital,caudal mesonephric tubule
EMAPA:30553,Urogenital,caudal mesonephric tubule of female
EMAPA:30540,Urogenital,caudal mesonephric tubule of male
EMAPA:27619,Urogenital,caudal paramesonephric mesenchyme
EMAPA:30895,Urogenital,caudal urethra
EMAPA:27655,Urogenital,central gonadal mesenchyme
EMAPA:27568,Urogenital,central gonadal mesenchyme
EMAPA:29927,Urogenital,cervix uteri
EMAPA:30055,Urogenital,circular muscle layer of ductus deferens
EMAPA:31268,Urogenital,circular muscle layer of infundibulum
EMAPA:30051,Urogenital,circular muscle layer of rest of oviduct
EMAPA:30819,Urogenital,clitoris
EMAPA:27638,Urogenital,cloaca
EMAPA:27573,Urogenital,cloaca
EMAPA:27581,Urogenital,cloaca mesenchyme
EMAPA:27642,Urogenital,cloaca mesenchyme
EMAPA:27577,Urogenital,cloacal epithelium
EMAPA:27640,Urogenital,cloacal epithelium
EMAPA:35245,Urogenital,coagulating gland
EMAPA:28934,Urogenital,coelomic epithelium of female mesonephros
EMAPA:17384,Urogenital,coelomic epithelium of gonad
EMAPA:27564,Urogenital,coelomic epithelium of gonad primordium
EMAPA:30460,Urogenital,coelomic epithelium of male mesonephros
EMAPA:35249,Urogenital,coelomic epithelium of reproductive system
EMAPA:17973,Urogenital,coelomic epithelium of testis
EMAPA:29122,Urogenital,coelomic vessel
EMAPA:29605,Urogenital,coelomic vessel
EMAPA:28407,Urogenital,collecting duct
EMAPA:27835,Urogenital,comma-shaped body
EMAPA:27681,Urogenital,comma-shaped body
EMAPA:29888,Urogenital,corpus albicans
EMAPA:19293,Urogenital,corpus epididymis
EMAPA:29886,Urogenital,corpus luteum
EMAPA:29856,Urogenital,corpus spongiosum
EMAPA:29850,Urogenital,corpus spongiosum
EMAPA:28130,Urogenital,cortical collecting duct
EMAPA:29009,Urogenital,cortical component of mesenchymal stroma
EMAPA:18976,Urogenital,cortical renal tubule
EMAPA:31571,Urogenital,cortical renal tubule of capillary loop nephron group
EMAPA:31566,Urogenital,cortical renal tubule of mature nephron group
EMAPA:31570,Urogenital,cortical renal tubule of maturing nephron group
EMAPA:30576,Urogenital,cranial mesonephric tubule
EMAPA:30562,Urogenital,cranial mesonephric tubule
EMAPA:30544,Urogenital,cranial mesonephric tubule of female
EMAPA:30556,Urogenital,cranial mesonephric tubule of male
EMAPA:30528,Urogenital,cranial mesonephric tubule of male
EMAPA:30068,Urogenital,cranial suspensory ligament
EMAPA:31250,Urogenital,cremaster muscle
EMAPA:19169,Urogenital,crus of clitoris
EMAPA:30821,Urogenital,crus of clitoris
EMAPA:19294,Urogenital,crus penis
EMAPA:30783,Urogenital,cumulus of mature follicle
EMAPA:29868,Urogenital,cumulus of secondary follicle
EMAPA:30773,Urogenital,cumulus of tertiary follicle
EMAPA:35267,Urogenital,cumulus oophorus
EMAPA:35269,Urogenital,decidua
EMAPA:35270,Urogenital,decidua basalis
EMAPA:35271,Urogenital,decidua capsularis
EMAPA:29161,Urogenital,degenerating mesonephric portion of male paramesonephric duct
EMAPA:28981,Urogenital,degenerating mesonephric portion of nephric duct of female
EMAPA:28978,Urogenital,degenerating mesonephric tubule of female
EMAPA:35273,Urogenital,degenerating paramesonephric duct of male
EMAPA:29196,Urogenital,degenerating rest of paramesonephric duct of male
EMAPA:29739,Urogenital,dermal layer of scrotum
EMAPA:29741,Urogenital,dermal layer of scrotum hair follicle
EMAPA:29743,Urogenital,dermal layer of scrotum sweat gland
EMAPA:28637,Urogenital,detrusor muscle of bladder
EMAPA:28643,Urogenital,detrusor muscle of fundus
EMAPA:30123,Urogenital,detrusor muscle of neck
EMAPA:28649,Urogenital,detrusor muscle of trigone
EMAPA:28035,Urogenital,developing arterial vasculature of cortex
EMAPA:28071,Urogenital,developing arterial vasculature of medulla
EMAPA:28506,Urogenital,developing capillary loop stage nephron group
EMAPA:28039,Urogenital,developing capillary of cortex
EMAPA:28075,Urogenital,developing capillary of medulla
EMAPA:31204,Urogenital,developing vasculature of caput epididymis
EMAPA:31194,Urogenital,developing vasculature of cauda epididymis
EMAPA:31199,Urogenital,developing vasculature of corpus epididymis
EMAPA:28029,Urogenital,developing vasculature of cortex
EMAPA:31188,Urogenital,developing vasculature of ductus deferens
EMAPA:31182,Urogenital,developing vasculature of epididymis
EMAPA:31503,Urogenital,developing vasculature of female genital tubercle
EMAPA:31538,Urogenital,developing vasculature of female mesonephros
EMAPA:31578,Urogenital,developing vasculature of genitourinary system
EMAPA:31224,Urogenital,developing vasculature of lower part of vagina
EMAPA:31510,Urogenital,developing vasculature of male genital tubercle
EMAPA:31537,Urogenital,developing vasculature of male mesonephros
EMAPA:28069,Urogenital,developing vasculature of medulla
EMAPA:27794,Urogenital,developing vasculature of metanephros
EMAPA:28888,Urogenital,developing vasculature of ovary
EMAPA:31214,Urogenital,developing vasculature of oviduct
EMAPA:31539,Urogenital,developing vasculature of primitive bladder
EMAPA:31580,Urogenital,developing vasculature of reproductive system
EMAPA:31564,Urogenital,developing vasculature of reproductive system group
EMAPA:29114,Urogenital,developing vasculature of the testis
EMAPA:31219,Urogenital,developing vasculature of upper part of vagina
EMAPA:31579,Urogenital,developing vasculature of urinary system
EMAPA:31563,Urogenital,developing vasculature of urinary system group
EMAPA:31532,Urogenital,developing vasculature of urogenital sinus
EMAPA:31209,Urogenital,developing vasculature of uterine horn
EMAPA:31229,Urogenital,developing vasculature of vagina
EMAPA:31235,Urogenital,developing vasculature system of epididymis
EMAPA:28037,Urogenital,developing venous vasculature of cortex
EMAPA:28073,Urogenital,developing venous vasculature of medulla
EMAPA:28393,Urogenital,distal convoluted tubule
EMAPA:30484,Urogenital,distal genital tubercle of female
EMAPA:29205,Urogenital,distal genital tubercle of male
EMAPA:29641,Urogenital,distal region of urethra of male
EMAPA:31582,Urogenital,distal renal vesicle
EMAPA:31548,Urogenital,distal renal vesicle
EMAPA:27871,Urogenital,distal segment of s-shaped body
EMAPA:27760,Urogenital,distal segment of s-shaped body
EMAPA:29671,Urogenital,distal straight tubule of outer stripe of outer medulla
EMAPA:28396,Urogenital,distal straight tubule of renal cortex
EMAPA:35288,Urogenital,distal urethral epithelium
EMAPA:31536,Urogenital,distal urethral epithelium of female
EMAPA:31507,Urogenital,distal urethral epithelium of male
EMAPA:30077,Urogenital,dorsal genital swelling
EMAPA:31572,Urogenital,dorsal mesenchyme of pelvic urethra
EMAPA:29808,Urogenital,dorsal prostate gland
EMAPA:29810,Urogenital,dorsal prostatic epithelium
EMAPA:29816,Urogenital,dorsal prostatic interstitium
EMAPA:18681,Urogenital,ductus deferens
EMAPA:35298,Urogenital,ductus deferens blood vessel
EMAPA:35299,Urogenital,ductus deferens circular muscle layer
EMAPA:35300,Urogenital,ductus deferens longitudinal muscle layer
EMAPA:28390,Urogenital,early distal tubule
EMAPA:27788,Urogenital,early distal tubule
EMAPA:28007,Urogenital,early distal tubule
EMAPA:31511,Urogenital,early distal tubule of capillary loop nephron
EMAPA:31521,Urogenital,early distal tubule of capillary loop nephron
EMAPA:31513,Urogenital,early distal tubule of maturing nephron
EMAPA:31514,Urogenital,early distal tubule of maturing nephron
EMAPA:17954,Urogenital,early nephron group
EMAPA:28003,Urogenital,early proximal tubule
EMAPA:27784,Urogenital,early proximal tubule
EMAPA:28284,Urogenital,early proximal tubule
EMAPA:31543,Urogenital,early proximal tubule of capillary loop nephron
EMAPA:31544,Urogenital,early proximal tubule of capillary loop nephron
EMAPA:31542,Urogenital,early proximal tubule of maturing nephron
EMAPA:31512,Urogenital,early proximal tubule of maturing nephron
EMAPA:28500,Urogenital,early tubule
EMAPA:28233,Urogenital,efferent arteriole
EMAPA:28275,Urogenital,efferent arteriole
EMAPA:18993,Urogenital,efferent duct of seminal vesicle
EMAPA:19088,Urogenital,ejaculatory duct
EMAPA:29917,Urogenital,endometrium
EMAPA:35307,Urogenital,endometrium epithelium
EMAPA:35308,Urogenital,endometrium glandular epithelium
EMAPA:35309,Urogenital,endometrium luminal epithelium
EMAPA:35310,Urogenital,endometrium stroma
EMAPA:29995,Urogenital,endothelium of renal artery
EMAPA:30011,Urogenital,endothelium of renal vein
EMAPA:29733,Urogenital,epidermal layer of scrotum
EMAPA:35316,Urogenital,epididymal fat pad
EMAPA:19290,Urogenital,epididymis
EMAPA:29790,Urogenital,epithelial component of bulbourethral gland
EMAPA:29929,Urogenital,epithelial layer of cervix uteri
EMAPA:30825,Urogenital,epithelial layer of crus of clitoris
EMAPA:29852,Urogenital,epithelial layer of crus penis
EMAPA:29747,Urogenital,epithelial layer of efferent duct
EMAPA:29786,Urogenital,epithelial layer of ejaculatory duct
EMAPA:29858,Urogenital,epithelial layer of glans penis
EMAPA:29899,Urogenital,epithelial layer of infundibulum
EMAPA:30839,Urogenital,epithelial layer of labia
EMAPA:29058,Urogenital,epithelial layer of lower part of vagina
EMAPA:29043,Urogenital,epithelial layer of oviduct
EMAPA:30905,Urogenital,epithelial layer of pelvic urethra
EMAPA:30873,Urogenital,epithelial layer of primitive bladder
EMAPA:32290,Urogenital,epithelial layer of prostate gland
EMAPA:29907,Urogenital,epithelial layer of rest of oviduct
EMAPA:30882,Urogenital,epithelial layer of rest of urogenital sinus
EMAPA:29771,Urogenital,epithelial layer of seminal vesicle
EMAPA:29052,Urogenital,epithelial layer of upper part of vagina
EMAPA:27708,Urogenital,epithelial layer of ureter
EMAPA:35317,Urogenital,epithelium of capillary loop renal corpuscle
EMAPA:29761,Urogenital,epithelium of caput of epididymis
EMAPA:29693,Urogenital,epithelium of cauda of epididymis
EMAPA:29755,Urogenital,epithelium of corpus epididymis
EMAPA:35318,Urogenital,epithelium of degenerating paramesonephric duct of male
EMAPA:29199,Urogenital,epithelium of degenerating rest of paramesonephric duct of male
EMAPA:29274,Urogenital,epithelium of ductus deferens
EMAPA:30445,Urogenital,epithelium of epididymis
EMAPA:35319,Urogenital,epithelium of paramesonephric duct of female
EMAPA:30070,Urogenital,epithelium of paramesonephric duct of female, mesonephric portion
EMAPA:35320,Urogenital,epithelium of paramesonephric duct of male
EMAPA:28949,Urogenital,epithelium of rest of nephric duct of female
EMAPA:29181,Urogenital,epithelium of rest of nephric duct of male
EMAPA:28957,Urogenital,epithelium of rest of paramesonephric duct of female
EMAPA:29187,Urogenital,epithelium of rest of paramesonephric duct of male
EMAPA:31520,Urogenital,epithelium of urogenital sinus
EMAPA:31509,Urogenital,epithelium of urogenital sinus
EMAPA:30991,Urogenital,epithelium of vagina
EMAPA:28278,Urogenital,extraglomerular mesangium
EMAPA:28540,Urogenital,female associated reproductive structure
EMAPA:18978,Urogenital,female cystic vesicular appendage
EMAPA:30984,Urogenital,female external genitalia
EMAPA:19174,Urogenital,female external inguinal ring
EMAPA:19171,Urogenital,female inguinal canal
EMAPA:19172,Urogenital,female inguinal ring
EMAPA:19173,Urogenital,female internal inguinal ring
EMAPA:35341,Urogenital,female paramesonephric duct
EMAPA:17959,Urogenital,female reproductive system
EMAPA:35962,Urogenital,female reproductive system epithelium
EMAPA:35974,Urogenital,female reproductive system mesenchyme
EMAPA:29653,Urogenital,female urethral gland
EMAPA:19175,Urogenital,fetal Leydig cell
EMAPA:29067,Urogenital,follicle cell of primary follicle
EMAPA:31247,Urogenital,follicle cell of primordial follicle
EMAPA:29866,Urogenital,follicle cell of secondary follicle
EMAPA:30767,Urogenital,follicle cell of tertiary follicle
EMAPA:35377,Urogenital,genital swelling
EMAPA:30074,Urogenital,genital swelling
EMAPA:17382,Urogenital,genital tubercle
EMAPA:29621,Urogenital,genital tubercle mesenchyme of female
EMAPA:29167,Urogenital,genital tubercle mesenchyme of male
EMAPA:18680,Urogenital,genital tubercle of female
EMAPA:17969,Urogenital,genital tubercle of male
EMAPA:29626,Urogenital,genital tubercle surface epithelium of female
EMAPA:29170,Urogenital,genital tubercle surface epithelium of male
EMAPA:16367,Urogenital,genitourinary system
EMAPA:35954,Urogenital,genitourinary system epithelium
EMAPA:16576,Urogenital,genitourinary system mesenchyme
EMAPA:36000,Urogenital,germ cell of gonad
EMAPA:17965,Urogenital,germ cell of ovary
EMAPA:18686,Urogenital,germ cell of testis
EMAPA:17975,Urogenital,germ cell of testis
EMAPA:30781,Urogenital,germinal cell of mature follicle
EMAPA:29884,Urogenital,germinal cell of ruptured follicle
EMAPA:30843,Urogenital,gland of labia
EMAPA:29935,Urogenital,gland of lower vaginal epithelium
EMAPA:29941,Urogenital,gland of upper vaginal epithelium
EMAPA:29798,Urogenital,glandular epithelium of anterior prostate
EMAPA:29812,Urogenital,glandular epithelium of dorsal prostate
EMAPA:29826,Urogenital,glandular epithelium of lateral prostate
EMAPA:29840,Urogenital,glandular epithelium of ventral prostate
EMAPA:30829,Urogenital,glans clitoris
EMAPA:19170,Urogenital,glans clitoris
EMAPA:30630,Urogenital,glans mesenchyme of male
EMAPA:29252,Urogenital,glans of male genital tubercle
EMAPA:18988,Urogenital,glans penis
EMAPA:29288,Urogenital,glans penis
EMAPA:30632,Urogenital,glans surface epithelium of male
EMAPA:30965,Urogenital,glomerular basement membrane
EMAPA:28251,Urogenital,glomerular basement membrane
EMAPA:28245,Urogenital,glomerular capillary system
EMAPA:27955,Urogenital,glomerular capillary system of maturing glomerular tuft
EMAPA:28248,Urogenital,glomerular mesangium of glomerular tuft
EMAPA:27961,Urogenital,glomerular mesangium of maturing glomerular tuft
EMAPA:30031,Urogenital,glomerular mesangium of maturing renal corpuscle
EMAPA:28239,Urogenital,glomerular tuft
EMAPA:17383,Urogenital,gonad
EMAPA:35382,Urogenital,gonad germinal epithelium
EMAPA:16857,Urogenital,gonad primordium
EMAPA:16858,Urogenital,gonad primordium mesenchyme
EMAPA:17385,Urogenital,gonadal mesenchyme
EMAPA:30777,Urogenital,Graafian follicle
EMAPA:31262,Urogenital,granulosa of ruptured follicle
EMAPA:19089,Urogenital,gubernaculum
EMAPA:28049,Urogenital,immature loop of Henle
EMAPA:35426,Urogenital,immature loop of Henle ascending limb
EMAPA:35427,Urogenital,immature loop of Henle descending limb
EMAPA:28370,Urogenital,inner medullary collecting duct
EMAPA:31399,Urogenital,inner medullary fibroblast
EMAPA:28364,Urogenital,inner medullary interstitium
EMAPA:28349,Urogenital,inner renal medulla
EMAPA:29675,Urogenital,inner stripe of outer medulla
EMAPA:28212,Urogenital,interlobular artery
EMAPA:28218,Urogenital,interlobular vein
EMAPA:32306,Urogenital,intermediate cell layer of dorsal pelvic urethra of female
EMAPA:32307,Urogenital,intermediate cell layer of dorsal pelvic urethra of male
EMAPA:32299,Urogenital,intermediate cell layer of prostatic urethra
EMAPA:28801,Urogenital,intermediate cell layer of ureter
EMAPA:32305,Urogenital,intermediate cell layer of ventral pelvic urethra of female
EMAPA:32314,Urogenital,intermediate cell layer of ventral pelvic urethra of male
EMAPA:29130,Urogenital,interstitial vessel
EMAPA:29607,Urogenital,interstitial vessel
EMAPA:29792,Urogenital,interstitium of bulbourethral gland
EMAPA:18687,Urogenital,interstitium of the testis
EMAPA:27991,Urogenital,juxtaglomerular arteriole
EMAPA:30449,Urogenital,juxtaglomerular complex
EMAPA:18676,Urogenital,kidney calyx
EMAPA:35459,Urogenital,kidney medulla collecting duct
EMAPA:35461,Urogenital,kidney outer medulla peritubular capillary
EMAPA:17948,Urogenital,kidney pelvis
EMAPA:30837,Urogenital,labia
EMAPA:18329,Urogenital,labial swelling
EMAPA:30423,Urogenital,labioscrotal swelling of female
EMAPA:30509,Urogenital,labioscrotal swelling of male
EMAPA:30088,Urogenital,lamina propria of bladder
EMAPA:32296,Urogenital,lamina propria of dorsal pelvic urethra of female
EMAPA:32311,Urogenital,lamina propria of dorsal pelvic urethra of male
EMAPA:30102,Urogenital,lamina propria of fundus
EMAPA:30116,Urogenital,lamina propria of neck
EMAPA:32303,Urogenital,lamina propria of prostatic urethra
EMAPA:30109,Urogenital,lamina propria of trigone
EMAPA:28841,Urogenital,lamina propria of ureter
EMAPA:32310,Urogenital,lamina propria of ventral pelvic urethra of female
EMAPA:32294,Urogenital,lamina propria of ventral pelvic urethra of male
EMAPA:28527,Urogenital,late tubule
EMAPA:29822,Urogenital,lateral prostate gland
EMAPA:29824,Urogenital,lateral prostatic epithelium
EMAPA:29830,Urogenital,lateral prostatic interstitium
EMAPA:29655,Urogenital,Leydig cell
EMAPA:30057,Urogenital,longitudinal muscle layer of ductus deferens
EMAPA:31266,Urogenital,longitudinal muscle layer of infundibulum
EMAPA:30053,Urogenital,longitudinal muscle layer of rest of oviduct
EMAPA:35510,Urogenital,loop of Henle ascending limb
EMAPA:35511,Urogenital,loop of Henle descending limb
EMAPA:35512,Urogenital,loop of Henle distal straight tubule
EMAPA:19280,Urogenital,loop of Henle group
EMAPA:29679,Urogenital,loop of Henle of inner stripe of outer medulla
EMAPA:29665,Urogenital,loop of Henle of outer stripe of outer medulla
EMAPA:35460,Urogenital,loop of Henle of renal medulla
EMAPA:35513,Urogenital,loop of Henle thick limb
EMAPA:35514,Urogenital,loop of Henle thin descending limb
EMAPA:35515,Urogenital,loop of Henle thin limb
EMAPA:28352,Urogenital,loop of Henle, inner medullary portion
EMAPA:28322,Urogenital,loop of Henle, outer medullary portion
EMAPA:27847,Urogenital,lower limb of comma-shaped body
EMAPA:27687,Urogenital,lower limb of comma-shaped body
EMAPA:18999,Urogenital,lower part of vagina
EMAPA:28399,Urogenital,macula densa
EMAPA:18677,Urogenital,major calyx
EMAPA:19285,Urogenital,male accessory gland
EMAPA:28533,Urogenital,male associated reproductive structure
EMAPA:29304,Urogenital,male cystic vesicular appendage
EMAPA:30977,Urogenital,male external genitalia
EMAPA:29310,Urogenital,male external inguinal ring
EMAPA:26913,Urogenital,male inguinal canal
EMAPA:29307,Urogenital,male inguinal ring
EMAPA:29313,Urogenital,male internal inguinal ring
EMAPA:17968,Urogenital,male reproductive system
EMAPA:35963,Urogenital,male reproductive system epithelium
EMAPA:35975,Urogenital,male reproductive system mesenchyme
EMAPA:29645,Urogenital,male urethral gland
EMAPA:28491,Urogenital,mature nephron
EMAPA:28236,Urogenital,mature renal corpuscle
EMAPA:27949,Urogenital,maturing glomerular tuft
EMAPA:28485,Urogenital,maturing nephron
EMAPA:27943,Urogenital,maturing renal corpuscle
EMAPA:27762,Urogenital,medial segment of s-shaped body
EMAPA:27877,Urogenital,medial segment of s-shaped body
EMAPA:29637,Urogenital,median umbilical ligament
EMAPA:18331,Urogenital,mediastinum testis
EMAPA:28061,Urogenital,medullary collecting duct
EMAPA:29014,Urogenital,medullary component of mesenchymal stroma
EMAPA:31414,Urogenital,medullary renal tubule
EMAPA:35557,Urogenital,medullary tubule
EMAPA:28965,Urogenital,meiotic germ cell of ovary
EMAPA:31025,Urogenital,meiotic oocyte
EMAPA:30827,Urogenital,mesenchymal layer of crus of clitoris
EMAPA:31575,Urogenital,mesenchymal layer of dorsal pelvic urethra
EMAPA:31554,Urogenital,mesenchymal layer of dorsal pelvic urethra of female
EMAPA:31552,Urogenital,mesenchymal layer of dorsal pelvic urethra of male
EMAPA:31529,Urogenital,mesenchymal layer of dorsal primitive bladder
EMAPA:32270,Urogenital,mesenchymal layer of ejaculatory duct
EMAPA:30833,Urogenital,mesenchymal layer of glans clitoris
EMAPA:30841,Urogenital,mesenchymal layer of labia
EMAPA:30433,Urogenital,mesenchymal layer of labial swelling
EMAPA:32259,Urogenital,mesenchymal layer of lower part of vagina
EMAPA:30907,Urogenital,mesenchymal layer of pelvic urethra
EMAPA:28765,Urogenital,mesenchymal layer of pelvic urethra of female
EMAPA:28703,Urogenital,mesenchymal layer of pelvic urethra of male
EMAPA:30948,Urogenital,mesenchymal layer of penile urethra
EMAPA:30934,Urogenital,mesenchymal layer of phallic urethra of female
EMAPA:28856,Urogenital,mesenchymal layer of phallic urethra of male
EMAPA:30876,Urogenital,mesenchymal layer of primitive bladder
EMAPA:30954,Urogenital,mesenchymal layer of prostatic urethra
EMAPA:30885,Urogenital,mesenchymal layer of rest of urogenital sinus
EMAPA:32272,Urogenital,mesenchymal layer of upper part of vagina
EMAPA:31574,Urogenital,mesenchymal layer of ventral pelvic urethra
EMAPA:31553,Urogenital,mesenchymal layer of ventral pelvic urethra of female
EMAPA:31550,Urogenital,mesenchymal layer of ventral pelvic urethra of male
EMAPA:31525,Urogenital,mesenchymal layer of ventral primitive bladder
EMAPA:32287,Urogenital,mesenchymal pad of pelvic urethra of female
EMAPA:32280,Urogenital,mesenchymal pad of pelvic urethra of male
EMAPA:28880,Urogenital,mesenchymal stroma of ovary
EMAPA:30725,Urogenital,mesenchyme of crus of clitoris
EMAPA:30664,Urogenital,mesenchyme of crus penis
EMAPA:35558,Urogenital,mesenchyme of degenerating paramesonephric duct of male
EMAPA:29202,Urogenital,mesenchyme of degenerating rest of paramesonephric duct of male
EMAPA:30487,Urogenital,mesenchyme of distal genital tubercle of female
EMAPA:29207,Urogenital,mesenchyme of distal genital tubercle of male
EMAPA:30493,Urogenital,mesenchyme of female preputial swelling
EMAPA:30715,Urogenital,mesenchyme of glans clitoris
EMAPA:29254,Urogenital,mesenchyme of glans of male genital tubercle
EMAPA:30642,Urogenital,mesenchyme of glans penis
EMAPA:30426,Urogenital,mesenchyme of labioscrotal swelling of female
EMAPA:30512,Urogenital,mesenchyme of labioscrotal swelling of male
EMAPA:29226,Urogenital,mesenchyme of male preputial swelling
EMAPA:35559,Urogenital,mesenchyme of paramesonephric duct of female
EMAPA:30072,Urogenital,mesenchyme of paramesonephric duct of female, mesonephric portion
EMAPA:35560,Urogenital,mesenchyme of paramesonephric duct of male
EMAPA:31573,Urogenital,mesenchyme of pelvic urethra
EMAPA:31534,Urogenital,mesenchyme of proximal genital tubercle of female
EMAPA:31501,Urogenital,mesenchyme of proximal genital tubercle of male
EMAPA:28953,Urogenital,mesenchyme of rest of nephric duct of female
EMAPA:29177,Urogenital,mesenchyme of rest of nephric duct of male
EMAPA:28961,Urogenital,mesenchyme of rest of paramesonephric duct of female
EMAPA:29189,Urogenital,mesenchyme of rest of paramesonephric duct of male
EMAPA:31500,Urogenital,mesenchyme of urogenital sinus
EMAPA:31519,Urogenital,mesenchyme of urogenital sinus
EMAPA:35562,Urogenital,mesometrium
EMAPA:30568,Urogenital,mesonephric glomerulus
EMAPA:30580,Urogenital,mesonephric glomerulus
EMAPA:30547,Urogenital,mesonephric glomerulus of female
EMAPA:30532,Urogenital,mesonephric glomerulus of male
EMAPA:30560,Urogenital,mesonephric glomerulus of male
EMAPA:27585,Urogenital,mesonephric mesenchyme
EMAPA:27661,Urogenital,mesonephric mesenchyme
EMAPA:28914,Urogenital,mesonephric mesenchyme of female
EMAPA:29143,Urogenital,mesonephric mesenchyme of male
EMAPA:27659,Urogenital,mesonephric tubule
EMAPA:16747,Urogenital,mesonephric tubule
EMAPA:27588,Urogenital,mesonephric tubule
EMAPA:28919,Urogenital,mesonephric tubule of female
EMAPA:29148,Urogenital,mesonephric tubule of male
EMAPA:27644,Urogenital,mesonephros
EMAPA:16744,Urogenital,mesonephros
EMAPA:16745,Urogenital,mesonephros mesenchyme
EMAPA:35563,Urogenital,mesonephros mesenchyme
EMAPA:16746,Urogenital,mesonephros non-tubular part
EMAPA:35565,Urogenital,mesonephros non-tubular part
EMAPA:35564,Urogenital,mesonephros non-tubular part
EMAPA:28909,Urogenital,mesonephros of female
EMAPA:29138,Urogenital,mesonephros of male
EMAPA:35566,Urogenital,mesonephros tubule
EMAPA:17971,Urogenital,mesorchium
EMAPA:17961,Urogenital,mesovarium
EMAPA:17208,Urogenital,metanephric mesenchyme
EMAPA:17375,Urogenital,metanephric mesenchyme
EMAPA:29990,Urogenital,metanephric mesenchyme
EMAPA:17207,Urogenital,metanephros
EMAPA:17373,Urogenital,metanephros
EMAPA:35457,Urogenital,metanephros epithelium
EMAPA:35458,Urogenital,metanephros glomerular epithelium
EMAPA:35969,Urogenital,metanephros parietal epithelium
EMAPA:35970,Urogenital,metanephros visceral epithelium
EMAPA:18678,Urogenital,minor calyx
EMAPA:25765,Urogenital,mouse
EMAPA:18328,Urogenital,Mullerian tubercle
EMAPA:30785,Urogenital,mural of mature follicle
EMAPA:29870,Urogenital,mural of secondary follicle
EMAPA:30775,Urogenital,mural of tertiary follicle
EMAPA:29763,Urogenital,muscle layer of caput of epididymis
EMAPA:29751,Urogenital,muscle layer of cauda of epididymis
EMAPA:29931,Urogenital,muscle layer of cervix uteri
EMAPA:29757,Urogenital,muscle layer of corpus of epididymis
EMAPA:31577,Urogenital,muscle layer of dorsal pelvic urethra
EMAPA:31560,Urogenital,muscle layer of dorsal pelvic urethra of female
EMAPA:31556,Urogenital,muscle layer of dorsal pelvic urethra of male
EMAPA:29270,Urogenital,muscle layer of ductus deferens
EMAPA:32289,Urogenital,muscle layer of ejaculatory duct
EMAPA:30747,Urogenital,muscle layer of epididymis
EMAPA:30447,Urogenital,muscle layer of epididymis
EMAPA:31264,Urogenital,muscle layer of infundibulum
EMAPA:29046,Urogenital,muscle layer of oviduct
EMAPA:30909,Urogenital,muscle layer of pelvic urethra
EMAPA:28771,Urogenital,muscle layer of pelvic urethra of female
EMAPA:28709,Urogenital,muscle layer of pelvic urethra of male
EMAPA:30950,Urogenital,muscle layer of penile urethra
EMAPA:30938,Urogenital,muscle layer of phallic urethra of female
EMAPA:28859,Urogenital,muscle layer of phallic urethra of male
EMAPA:30956,Urogenital,muscle layer of prostatic urethra
EMAPA:30049,Urogenital,muscle layer of rest of oviduct
EMAPA:29773,Urogenital,muscle layer of seminal vesicle
EMAPA:31576,Urogenital,muscle layer of ventral pelvic urethra
EMAPA:31559,Urogenital,muscle layer of ventral pelvic urethra of female
EMAPA:31555,Urogenital,muscle layer of ventral pelvic urethra of male
EMAPA:29061,Urogenital,muscular layer of lower part of vagina
EMAPA:29055,Urogenital,muscular layer of upper part of vagina
EMAPA:30997,Urogenital,muscular layer of vagina
EMAPA:28619,Urogenital,muscularis mucosa of bladder
EMAPA:32295,Urogenital,muscularis mucosa of dorsal pelvic urethra of female
EMAPA:32312,Urogenital,muscularis mucosa of dorsal pelvic urethra of male
EMAPA:28625,Urogenital,muscularis mucosa of fundus
EMAPA:30137,Urogenital,muscularis mucosa of neck
EMAPA:32302,Urogenital,muscularis mucosa of prostatic urethra
EMAPA:28631,Urogenital,muscularis mucosa of trigone
EMAPA:32309,Urogenital,muscularis mucosa of ventral pelvic urethra of female
EMAPA:32297,Urogenital,muscularis mucosa of ventral pelvic urethra of male
EMAPA:29923,Urogenital,myometrium
EMAPA:16368,Urogenital,nephric cord
EMAPA:16577,Urogenital,nephric duct
EMAPA:28425,Urogenital,nephric duct
EMAPA:28429,Urogenital,nephric duct
EMAPA:35590,Urogenital,nephric duct of female
EMAPA:28924,Urogenital,nephric duct of female, mesonephric portion
EMAPA:28945,Urogenital,nephric duct of female, rest of
EMAPA:35591,Urogenital,nephric duct of male
EMAPA:17970,Urogenital,nephric duct of male, mesonephric portion
EMAPA:29173,Urogenital,nephric duct of male, rest of
EMAPA:27591,Urogenital,nephric duct, mesonephric portion
EMAPA:27663,Urogenital,nephric duct, mesonephric portion
EMAPA:17377,Urogenital,nephric duct, metanephric portion
EMAPA:27599,Urogenital,nephric duct, metanephric portion
EMAPA:27602,Urogenital,nephric duct, pronephric portion
EMAPA:31270,Urogenital,nephrogenic interstitium
EMAPA:27671,Urogenital,nephrogenic interstitium
EMAPA:17953,Urogenital,nephrogenic interstitium
EMAPA:27721,Urogenital,nephrogenic zone
EMAPA:31562,Urogenital,nephrogenic zone group
EMAPA:35592,Urogenital,nephron
EMAPA:31526,Urogenital,nerve of bladder
EMAPA:35055,Urogenital,nerve of bulbourethral gland
EMAPA:31557,Urogenital,nerve of caudal urethra
EMAPA:35044,Urogenital,nerve of clitoris
EMAPA:35049,Urogenital,nerve of ductus deferens
EMAPA:35054,Urogenital,nerve of ejaculatory duct
EMAPA:35047,Urogenital,nerve of epididymis
EMAPA:35946,Urogenital,nerve of female reproductive system
EMAPA:35045,Urogenital,nerve of genital tubercle of female
EMAPA:35056,Urogenital,nerve of genital tubercle of male
EMAPA:35043,Urogenital,nerve of labia
EMAPA:35947,Urogenital,nerve of male reproductive system
EMAPA:35051,Urogenital,nerve of ovary
EMAPA:35052,Urogenital,nerve of oviduct
EMAPA:31558,Urogenital,nerve of pelvic urethra
EMAPA:31523,Urogenital,nerve of pelvic urethra
EMAPA:31567,Urogenital,nerve of pelvic urethra of female
EMAPA:31565,Urogenital,nerve of pelvic urethra of male
EMAPA:35058,Urogenital,nerve of penile urethra
EMAPA:35057,Urogenital,nerve of penis
EMAPA:31524,Urogenital,nerve of phallic urethra
EMAPA:31551,Urogenital,nerve of phallic urethra of female
EMAPA:31568,Urogenital,nerve of phallic urethra of male
EMAPA:35042,Urogenital,nerve of primitive bladder
EMAPA:32285,Urogenital,nerve of prostate gland
EMAPA:32279,Urogenital,nerve of prostatic urethra
EMAPA:35050,Urogenital,nerve of scrotum
EMAPA:35048,Urogenital,nerve of seminal vesicle
EMAPA:35059,Urogenital,nerve of ureter
EMAPA:35948,Urogenital,nerve of urinary system
EMAPA:31528,Urogenital,nerve of urogenital sinus
EMAPA:35053,Urogenital,nerve of uterine horn
EMAPA:35041,Urogenital,nerve of uterus
EMAPA:35046,Urogenital,nerve of vagina
EMAPA:31569,Urogenital,nerves of urethra
EMAPA:31533,Urogenital,nerves of urogenital sinus
EMAPA:32288,Urogenital,neural crest derivative of pelvic urethra of female
EMAPA:32286,Urogenital,neural crest derivative of pelvic urethra of male
EMAPA:29876,Urogenital,oocyte of atretic follicle
EMAPA:30757,Urogenital,oocyte of primordial follicle
EMAPA:29864,Urogenital,oocyte of secondary follicle
EMAPA:30765,Urogenital,oocyte of tertiary follicle
EMAPA:16103,Urogenital,organ system
EMAPA:30823,Urogenital,os clitoris
EMAPA:29769,Urogenital,os penis
EMAPA:30751,Urogenital,outer layer of ductus deferens
EMAPA:30749,Urogenital,outer layer of epididymis
EMAPA:29049,Urogenital,outer layer of oviduct
EMAPA:30675,Urogenital,outer layer of uterine horn
EMAPA:28346,Urogenital,outer medullary collecting duct
EMAPA:31384,Urogenital,outer medullary fibroblast
EMAPA:28337,Urogenital,outer medullary interstitium
EMAPA:28310,Urogenital,outer renal medulla
EMAPA:29663,Urogenital,outer stripe of outer medulla
EMAPA:17962,Urogenital,ovary
EMAPA:35625,Urogenital,ovary antral follicle
EMAPA:35626,Urogenital,ovary capsule
EMAPA:35627,Urogenital,ovary follicle
EMAPA:35628,Urogenital,ovary growing follicle
EMAPA:35629,Urogenital,ovary mature follicle
EMAPA:35630,Urogenital,ovary preantral follicle
EMAPA:35631,Urogenital,ovary primary follicle
EMAPA:35632,Urogenital,ovary secondary follicle
EMAPA:35633,Urogenital,ovary stratum granulosum
EMAPA:35634,Urogenital,ovary stroma
EMAPA:35636,Urogenital,ovary theca
EMAPA:18984,Urogenital,oviduct
EMAPA:29897,Urogenital,oviduct infundibulum
EMAPA:31058,Urogenital,ovigerous cord
EMAPA:35655,Urogenital,papillary duct
EMAPA:27665,Urogenital,paramesonephric duct
EMAPA:35660,Urogenital,paramesonephric duct of female
EMAPA:28937,Urogenital,paramesonephric duct of female, mesonephric portion
EMAPA:28940,Urogenital,paramesonephric duct of female, rest of
EMAPA:35661,Urogenital,paramesonephric duct of male
EMAPA:29158,Urogenital,paramesonephric duct of male, mesonephric portion
EMAPA:29185,Urogenital,paramesonephric duct of male, rest of
EMAPA:27615,Urogenital,parametanephric mesenchyme
EMAPA:27774,Urogenital,parietal epithelium of capillary loop renal corpuscle
EMAPA:27919,Urogenital,parietal epithelium of capillary loop renal corpuscle
EMAPA:28260,Urogenital,parietal epithelium of mature renal corpuscle
EMAPA:27979,Urogenital,parietal epithelium of maturing renal corpuscle
EMAPA:27768,Urogenital,parietal epithelium of s-shaped body
EMAPA:27901,Urogenital,parietal epithelium of s-shaped body
EMAPA:28269,Urogenital,part of afferent arteriole forming the juxtaglomerular complex
EMAPA:31527,Urogenital,pelvic ganglion
EMAPA:31522,Urogenital,pelvic ganglion
EMAPA:28120,Urogenital,pelvic smooth muscle
EMAPA:30903,Urogenital,pelvic urethra
EMAPA:30893,Urogenital,pelvic urethra
EMAPA:28753,Urogenital,pelvic urethra of female
EMAPA:18995,Urogenital,pelvic urethra of male
EMAPA:28077,Urogenital,pelvic urothelial lining
EMAPA:30944,Urogenital,penile urethra
EMAPA:18682,Urogenital,penis
EMAPA:35674,Urogenital,penis epithelium
EMAPA:35675,Urogenital,penis skin
EMAPA:32281,Urogenital,peri-prostatic mesenchyme of prostate gland
EMAPA:31426,Urogenital,periarterial fibroblasts of cortex
EMAPA:31434,Urogenital,periarterial fibroblasts of inner medulla
EMAPA:31430,Urogenital,periarterial fibroblasts of outer medulla
EMAPA:31361,Urogenital,perihilar fibroblast
EMAPA:28083,Urogenital,perihilar interstitium
EMAPA:27623,Urogenital,peripheral blastema
EMAPA:31424,Urogenital,peritubular fibroblasts of cortex
EMAPA:31432,Urogenital,peritubular fibroblasts of inner medulla
EMAPA:31428,Urogenital,peritubular fibroblasts of outer medulla
EMAPA:29244,Urogenital,peritubular myoid cell
EMAPA:31480,Urogenital,peritubular myoid cell
EMAPA:29110,Urogenital,peritubular myoid cell
EMAPA:30911,Urogenital,phallic urethra
EMAPA:30917,Urogenital,phallic urethra of female
EMAPA:17956,Urogenital,phallic urethra of male
EMAPA:35689,Urogenital,placenta
EMAPA:27657,Urogenital,posterior gonadal mesenchyme
EMAPA:27570,Urogenital,posterior gonadal mesenchyme
EMAPA:28402,Urogenital,postmacula segment of distal straight tubule
EMAPA:31035,Urogenital,pre-granulosa cell
EMAPA:29683,Urogenital,premacula segment of distal straight tubule of inner stripe of inner medulla
EMAPA:28331,Urogenital,premacula segment of distal straight tubule of outer medulla
EMAPA:31379,Urogenital,premacula segment of distal straight tubule of renal cortex
EMAPA:28971,Urogenital,premeiotic germ cell of ovary
EMAPA:30703,Urogenital,prepuce mesenchyme of female
EMAPA:30650,Urogenital,prepuce mesenchyme of male
EMAPA:30636,Urogenital,prepuce mesenchyme of male
EMAPA:30699,Urogenital,prepuce of female
EMAPA:18989,Urogenital,prepuce of male
EMAPA:30634,Urogenital,prepuce of male
EMAPA:30707,Urogenital,prepuce surface epithelium of female
EMAPA:30638,Urogenital,prepuce surface epithelium of male
EMAPA:30655,Urogenital,prepuce surface epithelium of male
EMAPA:35701,Urogenital,preputial gland
EMAPA:30711,Urogenital,preputial gland of female
EMAPA:30499,Urogenital,preputial gland of female
EMAPA:30502,Urogenital,preputial gland of male
EMAPA:30659,Urogenital,preputial gland of male
EMAPA:30640,Urogenital,preputial gland of male
EMAPA:35702,Urogenital,preputial swelling
EMAPA:30478,Urogenital,preputial swelling of female
EMAPA:29220,Urogenital,preputial swelling of male
EMAPA:27937,Urogenital,presumptive endothelium of capillary loop renal corpuscle
EMAPA:27780,Urogenital,presumptive endothelium of renal corpuscle
EMAPA:27778,Urogenital,presumptive mesangium
EMAPA:27931,Urogenital,presumptive mesangium of capillary loop renal corpuscle
EMAPA:16369,Urogenital,presumptive nephric duct
EMAPA:27673,Urogenital,pretubular aggregate
EMAPA:27742,Urogenital,pretubular aggregate
EMAPA:19284,Urogenital,primary follicle
EMAPA:35705,Urogenital,primary oocyte
EMAPA:30779,Urogenital,primary oocyte of mature follicle
EMAPA:29065,Urogenital,primary oocyte of primary follicle
EMAPA:29098,Urogenital,primary sex cord
EMAPA:35707,Urogenital,primary spermatocyte
EMAPA:30870,Urogenital,primitive bladder
EMAPA:17646,Urogenital,primitive collecting duct
EMAPA:28477,Urogenital,primitive collecting duct group
EMAPA:30755,Urogenital,primordial follicle
EMAPA:17386,Urogenital,primordial germ cell
EMAPA:16859,Urogenital,primordial germ cell
EMAPA:16578,Urogenital,primordial germ cell
EMAPA:16579,Urogenital,pronephros
EMAPA:19287,Urogenital,prostate gland
EMAPA:35710,Urogenital,prostate gland dorsolateral lobe
EMAPA:35711,Urogenital,prostate gland epithelium
EMAPA:35712,Urogenital,prostate gland lobe
EMAPA:35713,Urogenital,prostate gland smooth muscle
EMAPA:35714,Urogenital,prostate gland stroma
EMAPA:30942,Urogenital,prostatic urethra
EMAPA:31506,Urogenital,proximal genital tubercle of female
EMAPA:31504,Urogenital,proximal genital tubercle of male
EMAPA:31547,Urogenital,proximal renal vesicle
EMAPA:31549,Urogenital,proximal renal vesicle
EMAPA:27883,Urogenital,proximal segment of s-shaped body
EMAPA:27764,Urogenital,proximal segment of s-shaped body
EMAPA:29669,Urogenital,proximal straight tubule of outer stripe of outer medulla
EMAPA:29661,Urogenital,proximal straight tubule of renal cortex
EMAPA:28862,Urogenital,proximal straight tubule, outer medullary portion
EMAPA:35964,Urogenital,proximal urethral epithelium
EMAPA:31530,Urogenital,proximal urethral epithelium of female
EMAPA:31508,Urogenital,proximal urethral epithelium of male
EMAPA:31436,Urogenital,renal arterial system
EMAPA:17862,Urogenital,renal artery
EMAPA:28373,Urogenital,renal artery
EMAPA:31443,Urogenital,renal capillary
EMAPA:18679,Urogenital,renal capsule
EMAPA:31545,Urogenital,renal connecting segment of comma-shaped body
EMAPA:31546,Urogenital,renal connecting segment of comma-shaped body
EMAPA:31540,Urogenital,renal connecting segment of renal vesicle
EMAPA:31541,Urogenital,renal connecting segment of renal vesicle
EMAPA:28011,Urogenital,renal connecting tubule
EMAPA:31515,Urogenital,renal connecting tubule of capillary loop nephron
EMAPA:27790,Urogenital,renal connecting tubule of capillary loop nephron
EMAPA:31517,Urogenital,renal connecting tubule of mature nephron
EMAPA:31516,Urogenital,renal connecting tubule of maturing nephron
EMAPA:27865,Urogenital,renal connecting tubule of s-shaped body
EMAPA:27758,Urogenital,renal connecting tubule of s-shaped body
EMAPA:35725,Urogenital,renal convoluted tubule
EMAPA:35726,Urogenital,renal corpuscle
EMAPA:17952,Urogenital,renal cortex
EMAPA:28147,Urogenital,renal cortical arterial system
EMAPA:30037,Urogenital,renal cortical capillary
EMAPA:31288,Urogenital,renal cortical fibroblasts
EMAPA:28136,Urogenital,renal cortical interstitium
EMAPA:31312,Urogenital,renal cortical lymphatics
EMAPA:31319,Urogenital,renal cortical nerves
EMAPA:28142,Urogenital,renal cortical vasculature
EMAPA:28152,Urogenital,renal cortical venous system
EMAPA:28387,Urogenital,renal distal tubule
EMAPA:31279,Urogenital,renal fibroblasts
EMAPA:27690,Urogenital,renal interstitium
EMAPA:28518,Urogenital,renal interstitium group
EMAPA:31464,Urogenital,renal large blood vessel
EMAPA:19279,Urogenital,renal medulla
EMAPA:28162,Urogenital,renal medullary arterial system
EMAPA:30043,Urogenital,renal medullary capillary
EMAPA:31326,Urogenital,renal medullary fibroblasts
EMAPA:18326,Urogenital,renal medullary interstitium
EMAPA:31347,Urogenital,renal medullary lymphatics
EMAPA:31354,Urogenital,renal medullary nerves
EMAPA:28157,Urogenital,renal medullary vasculature
EMAPA:28167,Urogenital,renal medullary venous system
EMAPA:29691,Urogenital,renal nerve
EMAPA:35727,Urogenital,renal papilla
EMAPA:28287,Urogenital,renal proximal convoluted tubule
EMAPA:28281,Urogenital,renal proximal tubule
EMAPA:31469,Urogenital,renal small blood vessel
EMAPA:27782,Urogenital,renal tubule
EMAPA:28457,Urogenital,renal vasculature
EMAPA:28376,Urogenital,renal vein
EMAPA:19223,Urogenital,renal vein
EMAPA:31450,Urogenital,renal venous system
EMAPA:27829,Urogenital,renal vesicle
EMAPA:27678,Urogenital,renal vesicle
EMAPA:17381,Urogenital,reproductive system
EMAPA:35951,Urogenital,reproductive system epithelium
EMAPA:35728,Urogenital,reproductive system mesenchyme
EMAPA:31404,Urogenital,resident macrophage of the inner medulla
EMAPA:31389,Urogenital,resident macrophage of the outer medulla
EMAPA:31367,Urogenital,resident macrophage of the perihilar interstitium
EMAPA:31273,Urogenital,resident macrophages
EMAPA:31296,Urogenital,resident macrophages of the cortex
EMAPA:31333,Urogenital,resident macrophages of the medulla
EMAPA:28272,Urogenital,rest of afferent arteriole
EMAPA:31040,Urogenital,rest of cortical component of mesenchymal stroma of ovary
EMAPA:30578,Urogenital,rest of cranial mesonephric tubule
EMAPA:30565,Urogenital,rest of cranial mesonephric tubule
EMAPA:30558,Urogenital,rest of cranial mesonephric tubule
EMAPA:30550,Urogenital,rest of cranial mesonephric tubule of female
EMAPA:30536,Urogenital,rest of cranial mesonephric tubule of male
EMAPA:29854,Urogenital,rest of crus penis
EMAPA:29749,Urogenital,rest of efferent duct
EMAPA:29921,Urogenital,rest of endometrium
EMAPA:29937,Urogenital,rest of epithelial layer of lower vagina
EMAPA:29943,Urogenital,rest of epithelial layer of upper vagina
EMAPA:29860,Urogenital,rest of glans penis
EMAPA:31409,Urogenital,rest of inner medullary interstitium
EMAPA:29806,Urogenital,rest of interstitium of anterior prostate
EMAPA:29820,Urogenital,rest of interstitium of dorsal prostate
EMAPA:29834,Urogenital,rest of interstitium of lateral prostate
EMAPA:19176,Urogenital,rest of interstitium of the testis
EMAPA:29848,Urogenital,rest of interstitium of ventral prostate
EMAPA:31418,Urogenital,rest of medullary renal tubule
EMAPA:29609,Urogenital,rest of mesentery
EMAPA:31394,Urogenital,rest of outer medullary interstitium
EMAPA:29905,Urogenital,rest of oviduct
EMAPA:31373,Urogenital,rest of perihilar interstitium
EMAPA:31304,Urogenital,rest of renal cortical interstitium
EMAPA:31276,Urogenital,rest of renal interstitium
EMAPA:31340,Urogenital,rest of renal medullary interstitium
EMAPA:30879,Urogenital,rest of urogenital sinus
EMAPA:28929,Urogenital,rete ovarii of mesonephros
EMAPA:17966,Urogenital,rete ovarii of ovary
EMAPA:18332,Urogenital,rete testis
EMAPA:27617,Urogenital,rostral parametanephric mesenchyme
EMAPA:29880,Urogenital,ruptured follicle
EMAPA:27756,Urogenital,s-shaped body
EMAPA:27853,Urogenital,s-shaped body
EMAPA:29316,Urogenital,scrotal fold
EMAPA:30624,Urogenital,scrotal fold mesenchyme of male
EMAPA:30627,Urogenital,scrotal fold surface epithelium of male
EMAPA:19296,Urogenital,scrotum
EMAPA:29862,Urogenital,secondary follicle
EMAPA:35755,Urogenital,secondary oocyte
EMAPA:35757,Urogenital,secondary spermatocyte
EMAPA:29657,Urogenital,segment 1 of proximal tubule
EMAPA:29659,Urogenital,segment 2 of proximal tubule
EMAPA:19180,Urogenital,seminal vesicle
EMAPA:18685,Urogenital,seminiferous cord
EMAPA:31476,Urogenital,seminiferous tubule
EMAPA:35761,Urogenital,seminiferous tubule epithelium
EMAPA:29745,Urogenital,septum of scrotum
EMAPA:28661,Urogenital,serosa of bladder
EMAPA:28667,Urogenital,serosa of fundus
EMAPA:29903,Urogenital,serosa of infundibulum
EMAPA:30130,Urogenital,serosa of neck
EMAPA:29913,Urogenital,serosa of rest of oviduct
EMAPA:28673,Urogenital,serosa of trigone
EMAPA:31478,Urogenital,Sertoli cell
EMAPA:19177,Urogenital,Sertoli cell
EMAPA:29106,Urogenital,Sertoli cell
EMAPA:32278,Urogenital,smooth muscle layer of prostatic urethra
EMAPA:30003,Urogenital,smooth muscle layer of renal artery
EMAPA:30019,Urogenital,smooth muscle layer of renal vein
EMAPA:29804,Urogenital,smooth muscle of anterior prostate
EMAPA:29818,Urogenital,smooth muscle of dorsal prostate
EMAPA:29832,Urogenital,smooth muscle of lateral prostate
EMAPA:29846,Urogenital,smooth muscle of ventral prostate
EMAPA:31486,Urogenital,spermatid
EMAPA:31484,Urogenital,spermatocyte
EMAPA:31482,Urogenital,spermatogonium
EMAPA:31488,Urogenital,spermatozoon
EMAPA:28445,Urogenital,stage IV immature nephron
EMAPA:31017,Urogenital,straight limb of immature loop of Henle
EMAPA:29737,Urogenital,stratified epidermal layer of scrotum
EMAPA:32269,Urogenital,striated muscle layer of prostatic urethra
EMAPA:32275,Urogenital,submucosa of bladder
EMAPA:32313,Urogenital,submucosa of dorsal pelvic urethra of female
EMAPA:32293,Urogenital,submucosa of dorsal pelvic urethra of male
EMAPA:32277,Urogenital,submucosa of fundus
EMAPA:32276,Urogenital,submucosa of neck
EMAPA:32301,Urogenital,submucosa of prostatic urethra
EMAPA:32304,Urogenital,submucosa of trigone
EMAPA:32308,Urogenital,submucosa of ventral pelvic urethra of female
EMAPA:32298,Urogenital,submucosa of ventral pelvic urethra of male
EMAPA:32273,Urogenital,superficial cell layer of bladder
EMAPA:32266,Urogenital,superficial cell layer of dorsal pelvic urethra of female
EMAPA:32263,Urogenital,superficial cell layer of dorsal pelvic urethra of male
EMAPA:32268,Urogenital,superficial cell layer of prostatic urethra
EMAPA:28588,Urogenital,superficial cell layer of ureter
EMAPA:32291,Urogenital,superficial cell layer of ventral pelvic urethra of female
EMAPA:32284,Urogenital,superficial cell layer of ventral pelvic urethra of male
EMAPA:30730,Urogenital,surface epithelium of crus of clitoris
EMAPA:30668,Urogenital,surface epithelium of crus penis
EMAPA:30490,Urogenital,surface epithelium of distal genital tubercle of female
EMAPA:29209,Urogenital,surface epithelium of distal genital tubercle of male
EMAPA:30745,Urogenital,surface epithelium of epididymis
EMAPA:30496,Urogenital,surface epithelium of female preputial swelling
EMAPA:30831,Urogenital,surface epithelium of glans clitoris
EMAPA:30720,Urogenital,surface epithelium of glans clitoris
EMAPA:29256,Urogenital,surface epithelium of glans of male genital tubercle
EMAPA:30646,Urogenital,surface epithelium of glans penis
EMAPA:30438,Urogenital,surface epithelium of labial swelling
EMAPA:30429,Urogenital,surface epithelium of labioscrotal swelling of female
EMAPA:30515,Urogenital,surface epithelium of labioscrotal swelling of male
EMAPA:29223,Urogenital,surface epithelium of male preputial swelling
EMAPA:17963,Urogenital,surface epithelium of ovary
EMAPA:31535,Urogenital,surface epithelium of proximal genital tubercle of female
EMAPA:31502,Urogenital,surface epithelium of proximal genital tubercle of male
EMAPA:31240,Urogenital,surface epithelium of testis
EMAPA:19085,Urogenital,suspensory ligament of ovary
EMAPA:30763,Urogenital,tertiary follicle
EMAPA:29731,Urogenital,testicular branch of genital nerve
EMAPA:17972,Urogenital,testis
EMAPA:35856,Urogenital,testis cortical region
EMAPA:35857,Urogenital,testis medullary region
EMAPA:35858,Urogenital,testis mesenchyme
EMAPA:31260,Urogenital,theca of atretic follicle
EMAPA:30787,Urogenital,theca of mature follicle
EMAPA:29882,Urogenital,theca of ruptured follicle
EMAPA:29872,Urogenital,theca of secondary follicle
EMAPA:30769,Urogenital,theca of tertiary follicle
EMAPA:28361,Urogenital,thin ascending limb of inner medulla
EMAPA:35861,Urogenital,thin ascending limb of medulla
EMAPA:28328,Urogenital,thin ascending limb of outer medulla
EMAPA:28355,Urogenital,thin descending limb of inner medulla
EMAPA:29681,Urogenital,thin descending limb of inner stripe of outer medulla
EMAPA:28325,Urogenital,thin descending limb of outer medulla
EMAPA:30522,Urogenital,tunica albuginea of ovary
EMAPA:19289,Urogenital,tunica albuginea of testis
EMAPA:19179,Urogenital,tunica vaginalis testis
EMAPA:35891,Urogenital,unfertilized egg
EMAPA:27684,Urogenital,upper limb of comma-shaped body
EMAPA:27841,Urogenital,upper limb of comma-shaped body
EMAPA:18987,Urogenital,upper part of vagina
EMAPA:18323,Urogenital,urachus
EMAPA:17950,Urogenital,ureter
EMAPA:35895,Urogenital,ureter interstitium
EMAPA:27711,Urogenital,ureteral mesenchyme
EMAPA:28567,Urogenital,ureteral mesenchyme middle layer
EMAPA:28570,Urogenital,ureteral mesenchyme outer layer
EMAPA:28561,Urogenital,ureteral mesenchyme subepithelial layer
EMAPA:29993,Urogenital,ureteral mesenchyme, rest of
EMAPA:28844,Urogenital,ureteral smooth muscle layer
EMAPA:28811,Urogenital,ureteral smooth muscle layer
EMAPA:29633,Urogenital,ureteral smooth muscle layer inner longitudinal muscle
EMAPA:28850,Urogenital,ureteral smooth muscle layer interstitium
EMAPA:30150,Urogenital,ureteral smooth muscle layer interstitium
EMAPA:29635,Urogenital,ureteral smooth muscle layer outer circular muscle
EMAPA:28847,Urogenital,ureteral smooth muscle layer smooth muscle component
EMAPA:28814,Urogenital,ureteral smooth muscle layer smooth muscle component
EMAPA:30850,Urogenital,ureteral vasculature
EMAPA:17376,Urogenital,ureteric bud
EMAPA:17209,Urogenital,ureteric bud
EMAPA:27627,Urogenital,ureteric stalk
EMAPA:27608,Urogenital,ureteric stalk
EMAPA:27605,Urogenital,ureteric tip
EMAPA:27694,Urogenital,ureteric tip
EMAPA:27749,Urogenital,ureteric tip
EMAPA:27625,Urogenital,ureteric tip
EMAPA:31045,Urogenital,ureteric tree terminal branch excluding tip itself
EMAPA:27697,Urogenital,ureteric trunk
EMAPA:28494,Urogenital,ureteric trunk
EMAPA:28405,Urogenital,ureteric trunk
EMAPA:30891,Urogenital,urethra
EMAPA:30901,Urogenital,urethra
EMAPA:28747,Urogenital,urethra of female
EMAPA:18692,Urogenital,urethra of male
EMAPA:35896,Urogenital,urethra urothelium
EMAPA:31518,Urogenital,urethral epithelium
EMAPA:30470,Urogenital,urethral epithelium of female
EMAPA:30467,Urogenital,urethral epithelium of male
EMAPA:30888,Urogenital,urethral fold
EMAPA:30899,Urogenital,urethral fold
EMAPA:30927,Urogenital,urethral fold of female
EMAPA:18693,Urogenital,urethral fold of male
EMAPA:30915,Urogenital,urethral fold of phallic urethra
EMAPA:35965,Urogenital,urethral opening
EMAPA:31531,Urogenital,urethral opening of female
EMAPA:31505,Urogenital,urethral opening of male
EMAPA:30897,Urogenital,urethral plate
EMAPA:28555,Urogenital,urethral plate
EMAPA:30924,Urogenital,urethral plate of female
EMAPA:18998,Urogenital,urethral plate of male
EMAPA:30913,Urogenital,urethral plate of phallic urethra
EMAPA:28263,Urogenital,urinary space of mature renal corpuscle
EMAPA:27985,Urogenital,urinary space of maturing renal corpuscle
EMAPA:17366,Urogenital,urinary system
EMAPA:35953,Urogenital,urinary system epithelium
EMAPA:35898,Urogenital,urinary system mesenchyme
EMAPA:17367,Urogenital,urinary system mesentery
EMAPA:17378,Urogenital,urogenital membrane
EMAPA:17210,Urogenital,urogenital membrane
EMAPA:17368,Urogenital,urogenital mesentery
EMAPA:35899,Urogenital,urogenital ridge
EMAPA:17379,Urogenital,urogenital sinus
EMAPA:17211,Urogenital,urogenital sinus
EMAPA:17380,Urogenital,urorectal septum
EMAPA:17212,Urogenital,urorectal septum
EMAPA:28601,Urogenital,urothelium of bladder
EMAPA:32264,Urogenital,urothelium of dorsal pelvic urethra of female
EMAPA:32300,Urogenital,urothelium of dorsal pelvic urethra of male
EMAPA:28607,Urogenital,urothelium of fundus
EMAPA:30081,Urogenital,urothelium of neck
EMAPA:28759,Urogenital,urothelium of pelvic urethra of female
EMAPA:28697,Urogenital,urothelium of pelvic urethra of male
EMAPA:30946,Urogenital,urothelium of penile urethra
EMAPA:30930,Urogenital,urothelium of phallic urethra of female
EMAPA:28853,Urogenital,urothelium of phallic urethra of male
EMAPA:30952,Urogenital,urothelium of prostatic urethra
EMAPA:28613,Urogenital,urothelium of trigone
EMAPA:28089,Urogenital,urothelium of ureter
EMAPA:32282,Urogenital,urothelium of ventral pelvic urethra of female
EMAPA:32258,Urogenital,urothelium of ventral pelvic urethra of male
EMAPA:29919,Urogenital,uterine gland
EMAPA:18985,Urogenital,uterine horn
EMAPA:29030,Urogenital,uterine horn epithelium
EMAPA:29034,Urogenital,uterine horn muscular layer
EMAPA:35900,Urogenital,uterine stroma
EMAPA:29915,Urogenital,uterus
EMAPA:18986,Urogenital,vagina
EMAPA:35902,Urogenital,vagina stroma
EMAPA:28679,Urogenital,vasculature of bladder
EMAPA:30801,Urogenital,vasculature of bulbourethral gland
EMAPA:30835,Urogenital,vasculature of clitoris
EMAPA:30793,Urogenital,vasculature of ductus deferens
EMAPA:30799,Urogenital,vasculature of ejaculatory duct
EMAPA:30795,Urogenital,vasculature of epididymis
EMAPA:30845,Urogenital,vasculature of labia
EMAPA:30809,Urogenital,vasculature of oviduct
EMAPA:32283,Urogenital,vasculature of pelvic urethra of female
EMAPA:32262,Urogenital,vasculature of pelvic urethra of male
EMAPA:30807,Urogenital,vasculature of penis
EMAPA:30805,Urogenital,vasculature of prostate gland
EMAPA:32265,Urogenital,vasculature of prostatic urethra
EMAPA:30791,Urogenital,vasculature of scrotum
EMAPA:30797,Urogenital,vasculature of seminal vesicle
EMAPA:29603,Urogenital,vasculature of testis
EMAPA:29631,Urogenital,vasculature of the ovary
EMAPA:30811,Urogenital,vasculature of uterus
EMAPA:30813,Urogenital,vasculature of vagina
EMAPA:31561,Urogenital,ventral mesenchyme of pelvic urethra
EMAPA:29836,Urogenital,ventral prostate gland
EMAPA:29838,Urogenital,ventral prostatic epithelium
EMAPA:29844,Urogenital,ventral prostatic interstitium
EMAPA:30079,Urogenital,ventrolateral genital swelling
EMAPA:35920,Urogenital,vesicular gland
EMAPA:27772,Urogenital,visceral epithelium of capillary loop renal corpuscle
EMAPA:27913,Urogenital,visceral epithelium of capillary loop renal corpuscle
EMAPA:28254,Urogenital,visceral epithelium of mature renal corpuscle
EMAPA:27967,Urogenital,visceral epithelium of maturing renal corpuscle
EMAPA:27895,Urogenital,visceral epithelium of s-shaped body
EMAPA:27766,Urogenital,visceral epithelium of s-shaped body
EMAPA:16245,Urogenital,visceral organ system
